# App artifact manifest. Generated by build/stages/stage-artifacts.py record; checked by `stage` and build/verify-ipa.py.
# Columns: kind  dest  bytes  sha256  root  source  provenance
#   kind   resource = copied into the app bundle (dest is relative to Sources/S1Probe/)
#          link     = static archive linked into the app executable (dest is relative to Staged/)
#          source   = adopted Madeira source compiled into the app (dest is relative to Sources/);
#                     the hash is of the unpatched upstream file, the patch is applied after the copy
#          gap      = required by the reference architecture but not built; nothing is staged
#   root   build root the source path is relative to (see the script docstring for defaults)
# Provenance keys (pins: pins.lock; patch series: patches/<target>/series; recipes: docs/BUILDING.md):
#   P1-de     FEX pin + patches/fex, llvm-mingw 20260922 (build/stages/fex.sh); shipped as xtajit64.dll and aarch64 xtajit.dll (WoW64; build-only until Portal 2 milestone 1 step 3); the ARM64EC [build-id] line carries the pin's commit time: SOURCE_DATE_EPOCH
#   P2        wine pin + patches/wine-pe, build/stages/wine-pe.sh, without DWARF (build/stages/wine-pe-strip.py); row hash equals build/generated/wine-pe-*.tsv
#   P2-ec     arm64ec ntdll.dll of the same P2 tree (the arm64ec patches only change it); row hash equals build/generated/wine-pe-arm64ec-windows.tsv
#   P3        Madeira pin build/ntdll-unix/build.sh via build/stages/unix.sh + stages/unix-gaps.sh gnutls-config, with patches/madeira-unix and patches/wine-unix applied
#   P4-win32u Madeira pin build/win32u-unix/build.sh via build/stages/unix.sh (patches/madeira-unix virtual-monitor-refresh: MADEIRA_SCREEN_HZ)
#   P4-server reconstructed base + Madeira build/wineserver/build.sh via build/stages/unix-gaps.sh wineserver (patches/madeira-unix real-suspend-safepoint, patches/wine-unix server-ios-*)
#   P4-crypto GnuTLS 3.8.9 / GMP 6.3.0 / Nettle 3.10.1 from Madeira's tracked tarballs via build/stages/unix.sh gnutls; nettle/hogweed hashes depend on UNIX_ROOT
#   nls       wine pin nls/ (tracked data files, the set Madeira app/Madeira/nls ships)
#   fonts     wine pin fonts/{tahoma,tahomabd}.ttf (tracked prebuilts, not regenerated with FontForge); architecture-neutral GDI fallback faces
#   P5-dxmt   DXMT pin (3Shain/dxmt) + patches/dxmt-port + patches/dxmt unix slice (build/stages/dxmt-patched.sh unix: build/stages/dxmt-base.sh unix + the hand-ported AIR helpers in build/air-helpers) + LLVM 15.0.7 iOS static libs, combined by build/stages/dxmt-combined.sh as Madeira build/dxmt-ios/README.md does
#   P5-dxmt-pe  the same patched tree's PE DLLs (build/stages/dxmt-patched.sh pe, llvm-mingw 20260922); must match P5-dxmt's unix slot table (150 winemetal unix slots; newLibraryWithSource at 144)
#   P5-winios Madeira pin app/Madeira/Winios/ (the reference's app-side Winios display driver); Winios.m + patches/madeira-winios; WiniosGamepad.c, the controller snapshot Wine's xinput1_*.dll (P2) read through libwin32u_unix.a
#   P5-dxshim Madeira pin app/Madeira/IOSDisplayShim.{h,m}, unmodified: the macdrv_functions table DXMT's winemetal unix side looks up for a CAMetalLayer
#   P6-vulkan-pe DXVK at its pin, unmodified, and vkd3d-proton at its pin + patches/vkd3d-proton, for arm64ec (build/stages/vulkan-pe.sh, llvm-mingw 20260922), marked Wine builtins; staged under Runtime/vulkan/, which a launch set to Vulkan puts first on WINEDLLPATH (decision 0014)
#   P6-gst    winegstreamer's unix side (wine pin + patches/wine-port + patches/wine-unix) prelinked with the static plugin set from the pins.lock gstreamer iOS release (build/stages/gstreamer.sh); one object, one exported symbol
#   P8-steamapi gbe_fork (LGPL-3.0) at the gbe pin + patches/gbe: its regular steam_api for x86-64 and i386 with its static dependencies (build/stages/steamapi.sh, llvm-mingw 20260922); native DLLs under Runtime/steamapi/, which the app copies into a game's folder in place of the game's own (SteamClientKit SteamAPISwap)
#   P9-session app/SessionRoot/playport-session.c (Playport's own) compiled by build/stages/session-root.sh (llvm-mingw 20260922) as a freestanding x86-64 program: the one Wine main process of an app run, which starts every title as its child (decision 0027); in arm64ec-windows so the prefix's system32 has it
#   P10-idevice idevice (MIT) at the idevice pin, its C FFI with the features the app's restart uses, built for aarch64-apple-ios with the pins.lock Rust (build/stages/idevice.sh) and prelinked into one object that exports four calls (app/Sources/Relaunch); its crates are in the run's idevice/crates.tsv
#   P7-reg    app/registry/{system,user}.reg (committed): app/tools/prefix-registry.py applies the WINE_REGISTRY scripts of the staged arm64ec-windows DLLs as wineboot's register_fake_dll would; wine_host.c appends the sections a prefix lacks before the wineserver starts
resource	Runtime/arm64ec-windows/Normaliz.dll	131072	8ba48d221044b9149b36670ad9e209aa123be89474cad947adec5ea30c6997a3	wine-build	build-arm64ec/dlls/normaliz/arm64ec-windows/normaliz.dll	P2
resource	Runtime/arm64ec-windows/WLDAP32.dll	1114112	ed5a99425e667d8fed7da8f4fb012ea85fceecbbb329a1825fb4a719d14577aa	wine-build	build-arm64ec/dlls/wldap32/arm64ec-windows/wldap32.dll	P2
resource	Runtime/arm64ec-windows/X3DAudio1_7.dll	589824	27d6477254d1f9551d7df9c8bb299bf2c51994612b6fed7d03e2988dfda0ac4b	wine-build	build-arm64ec/dlls/x3daudio1_7/arm64ec-windows/x3daudio1_7.dll	P2
resource	Runtime/arm64ec-windows/XAPOFX1_5.dll	589824	4aca1bcc761242cd5c4905c70ab0eef4a5bbdf67f70c4b263c8b43c04f552e4e	wine-build	build-arm64ec/dlls/xapofx1_5/arm64ec-windows/xapofx1_5.dll	P2
resource	Runtime/arm64ec-windows/advapi32.dll	983040	b0be35aedac4e39541266fc8845afd1cc1bbc3def6507387d95065d6c61fb4e5	wine-build	build-arm64ec/dlls/advapi32/arm64ec-windows/advapi32.dll	P2
resource	Runtime/arm64ec-windows/apisetschema.dll	196608	515f37514dd996b39deb86393ea5fd0c93bcf411e7d591351cc448d6221334b4	wine-build	build-arm64ec/dlls/apisetschema/arm64ec-windows/apisetschema.dll	P2
resource	Runtime/arm64ec-windows/authz.dll	655360	6d94761ef8c562a5096f357b2ef40fe56978ac5a9380e16d7af098728baa3b8c	wine-build	build-arm64ec/dlls/authz/arm64ec-windows/authz.dll	P2
resource	Runtime/arm64ec-windows/avifil32.dll	917504	d954c54892e3e6e4603bb3655756b22fb801670fb28a948c0716526bd4c5e4fc	wine-build	build-arm64ec/dlls/avifil32/arm64ec-windows/avifil32.dll	P2
resource	Runtime/arm64ec-windows/avrt.dll	655360	9b4fa140d602ff74f75022b01d49a6f1793737f3245ba16daaaff430a6f152c4	wine-build	build-arm64ec/dlls/avrt/arm64ec-windows/avrt.dll	P2
resource	Runtime/arm64ec-windows/bcrypt.dll	983040	a512d5e413fffa125113310af80146254fa22697d966b3c634eeec2c525f7e8f	wine-build	build-arm64ec/dlls/bcrypt/arm64ec-windows/bcrypt.dll	P2
resource	Runtime/arm64ec-windows/bcryptprimitives.dll	589824	c7dbf700e430f7f2a281eed3639bb2cf08587806d121c3bad1ff7f373f3db317	wine-build	build-arm64ec/dlls/bcryptprimitives/arm64ec-windows/bcryptprimitives.dll	P2
resource	Runtime/arm64ec-windows/bthprops.cpl	655360	397f4b454b14103ec24608a7fe84d36751d8887003e8f8ca038c70589327b5a2	wine-build	build-arm64ec/dlls/bthprops.cpl/arm64ec-windows/bthprops.cpl	P2
resource	Runtime/arm64ec-windows/cfgmgr32.dll	655360	f44fa33695eba82aac72d73dc4a00cf3c338bb69366b225748bde181241d4760	wine-build	build-arm64ec/dlls/cfgmgr32/arm64ec-windows/cfgmgr32.dll	P2
resource	Runtime/arm64ec-windows/colorcnv.dll	2359296	e2a4ecd8fad83597b51211545e9ff0048a79410c8d9770ef3e397f2fbf8471bf	wine-build	build-arm64ec/dlls/colorcnv/arm64ec-windows/colorcnv.dll	P2
resource	Runtime/arm64ec-windows/combase.dll	1048576	8edeb29a72617bcaa4f4d7d4c9745b2f6f8e2104881a4d2b333aa7f34898f750	wine-build	build-arm64ec/dlls/combase/arm64ec-windows/combase.dll	P2
resource	Runtime/arm64ec-windows/comctl32.dll	2031616	7519b520fdc9d25a8c4ae7c195f62657d68697f1026ec060110ad1689ed1cc3f	wine-build	build-arm64ec/dlls/comctl32/arm64ec-windows/comctl32.dll	P2
resource	Runtime/arm64ec-windows/comdlg32.dll	1769472	3fa5c965d587bc271eec6cdcc8966b2480a5601307625db8d55de7281e3e443c	wine-build	build-arm64ec/dlls/comdlg32/arm64ec-windows/comdlg32.dll	P2
resource	Runtime/arm64ec-windows/coml2.dll	786432	40d2c03e884b318259970971bda4a19b66d317b7d2ba678a627989af39c30fb4	wine-build	build-arm64ec/dlls/coml2/arm64ec-windows/coml2.dll	P2
resource	Runtime/arm64ec-windows/compstui.dll	655360	68f6cba4c0f769e6292bb3f00ef3769149daae5d7f38353b1d210c1420c58ddf	wine-build	build-arm64ec/dlls/compstui/arm64ec-windows/compstui.dll	P2
resource	Runtime/arm64ec-windows/concrt140.dll	720896	e9c5ac2e6fac77fc56556ccadbc8816d41ef864f6c56002ad7528a8ac2ed7ed6	wine-build	build-arm64ec/dlls/concrt140/arm64ec-windows/concrt140.dll	P2
resource	Runtime/arm64ec-windows/credui.dll	786432	b935427b85ffa6edfa5a979529fe165cba7552d921abf0c18a3e7a9d455655c5	wine-build	build-arm64ec/dlls/credui/arm64ec-windows/credui.dll	P2
resource	Runtime/arm64ec-windows/crypt32.dll	1507328	c0846b0d9c14bbea51db5270754d2596e6e00a676497e93557d91ea9f29b804b	wine-build	build-arm64ec/dlls/crypt32/arm64ec-windows/crypt32.dll	P2
resource	Runtime/arm64ec-windows/cryptbase.dll	655360	84c0a090c7a9a0f4a1f9dd7812a4f9cbbaba14362c16bf33967386bdae42c298	wine-build	build-arm64ec/dlls/cryptbase/arm64ec-windows/cryptbase.dll	P2
resource	Runtime/arm64ec-windows/cryptnet.dll	655360	00a85b679af54fcc26328004c18cc9836c569be7daa7c6d6a58f678431c493ee	wine-build	build-arm64ec/dlls/cryptnet/arm64ec-windows/cryptnet.dll	P2
resource	Runtime/arm64ec-windows/cryptui.dll	1835008	20496db99351635079e8742141675f5504a4b312bd1c8daf5349c2ebb7c50748	wine-build	build-arm64ec/dlls/cryptui/arm64ec-windows/cryptui.dll	P2
resource	Runtime/arm64ec-windows/d3d10core.dll	1253376	1087b584a71ec2bc3ba403ef3717fe2c5ac2a2b525391b41a7e13e041c9689d8	dxmt-pe	arm64ec-windows/d3d10core.dll	P5-dxmt-pe
resource	Runtime/arm64ec-windows/d3d11.dll	5242880	3d4ebfe0d56eda18f00c2b2266d68b7a2d510e7d3f1d065cfce4f9ea20cb2851	dxmt-pe	arm64ec-windows/d3d11.dll	P5-dxmt-pe
resource	Runtime/arm64ec-windows/d3d12.dll	851968	31f741b913a2e11d67bef3023cb21c5b540222724074bc56a36efd4abf4b68a7	wine-build	build-arm64ec/dlls/d3d12/arm64ec-windows/d3d12.dll	P2
resource	Runtime/arm64ec-windows/d3d9.dll	983040	d27782db97637c468ed38d80c3377caede94d252368df4f660fb9e9759fb068d	wine-build	build-arm64ec/dlls/d3d9/arm64ec-windows/d3d9.dll	P2
resource	Runtime/arm64ec-windows/d3dcompiler_43.dll	851968	af8f8eb04801eb0e8bc4123368d100b77dcef53724bd855266288cc3fb376e15	wine-build	build-arm64ec/dlls/d3dcompiler_43/arm64ec-windows/d3dcompiler_43.dll	P2
resource	Runtime/arm64ec-windows/d3dcompiler_47.dll	851968	8d016225c396fde2e5120d78cbc0f6ed90cb5243e7678557d6f170623b1330c2	wine-build	build-arm64ec/dlls/d3dcompiler_47/arm64ec-windows/d3dcompiler_47.dll	P2
resource	Runtime/arm64ec-windows/d3dx9_43.dll	1507328	aa2d649c8c138404571f91b6cce0342dd212cbf04ded8304944cb04a25b65448	wine-build	build-arm64ec/dlls/d3dx9_43/arm64ec-windows/d3dx9_43.dll	P2
resource	Runtime/arm64ec-windows/d3dxof.dll	851968	bab1555263c7303ea0fbfa66bc32d608ba2d760573d9f59922353177f3784787	wine-build	build-arm64ec/dlls/d3dxof/arm64ec-windows/d3dxof.dll	P2
resource	Runtime/arm64ec-windows/dbghelp.dll	1245184	e8278841a5481c3590ac8213ccb34218ccaeafdfad198ebdd247672cda0ac29c	wine-build	build-arm64ec/dlls/dbghelp/arm64ec-windows/dbghelp.dll	P2
resource	Runtime/arm64ec-windows/dhcpcsvc.dll	655360	36b24bf7afb34a803a7143c142746bb2780ea7d3d21176d85f50f1c06f21b85b	wine-build	build-arm64ec/dlls/dhcpcsvc/arm64ec-windows/dhcpcsvc.dll	P2
resource	Runtime/arm64ec-windows/dinput8.dll	983040	3380515d232080accf8b880df4bfdf3695a2e2e0523c91911685186280a22e65	wine-build	build-arm64ec/dlls/dinput8/arm64ec-windows/dinput8.dll	P2
resource	Runtime/arm64ec-windows/dnsapi.dll	720896	3bf38fc7e62142d80f0d16396ec5b84914b041a7f73f9bd4a824d17c9578ce60	wine-build	build-arm64ec/dlls/dnsapi/arm64ec-windows/dnsapi.dll	P2
resource	Runtime/arm64ec-windows/dsound.dll	1048576	b306ef7c72ecc12c521d871c00a4ffadc3d84800158b36a1fc83fb3ef8b648d2	wine-build	build-arm64ec/dlls/dsound/arm64ec-windows/dsound.dll	P2
resource	Runtime/arm64ec-windows/dwmapi.dll	720896	ba928f5f551c15bb45c3d800287d688dea1a506228c487367f76e64464ae6787	wine-build	build-arm64ec/dlls/dwmapi/arm64ec-windows/dwmapi.dll	P2
resource	Runtime/arm64ec-windows/dwrite.dll	1114112	6fc7ee2722366d925e6829e4f2a3d333e514e15abd5a82b4f58607f340ae2872	wine-build	build-arm64ec/dlls/dwrite/arm64ec-windows/dwrite.dll	P2
resource	Runtime/arm64ec-windows/dxgi.dll	1581056	454a06b7398211dc0c2fc8e044648d08c545bcb6dae48fa2682548c9210a06c8	dxmt-pe	arm64ec-windows/dxgi.dll	P5-dxmt-pe
resource	Runtime/arm64ec-windows/dxva2.dll	851968	1b33e16f9c45658a270e227e181b6e23df6cf8f9c825af5d157eb72125b34251	wine-build	build-arm64ec/dlls/dxva2/arm64ec-windows/dxva2.dll	P2
resource	Runtime/arm64ec-windows/esent.dll	655360	2b832904a8f8ff81d6cc2ec6424a592cc5a269cda5672f541112d0a78874e77e	wine-build	build-arm64ec/dlls/esent/arm64ec-windows/esent.dll	P2
resource	Runtime/arm64ec-windows/fontsub.dll	655360	eb613b9ecdcc9a8721a0534993c3583e42275accb6eef9c9ce93666d33d12c87	wine-build	build-arm64ec/dlls/fontsub/arm64ec-windows/fontsub.dll	P2
resource	Runtime/arm64ec-windows/gdi32.dll	1245184	4a72a20ed090775f924ac71ee6a563927844b1c6d92f3899d1c999088fb1fe6f	wine-build	build-arm64ec/dlls/gdi32/arm64ec-windows/gdi32.dll	P2
resource	Runtime/arm64ec-windows/hid.dll	720896	52d679ae7be9004794afe297f84b81b55299f342d2e7b45e8d2742c3c199181a	wine-build	build-arm64ec/dlls/hid/arm64ec-windows/hid.dll	P2
resource	Runtime/arm64ec-windows/imagehlp.dll	655360	fa3e8201a46d3954d24761930c6b81fbaba26e702c285300014ccc6076ae1aeb	wine-build	build-arm64ec/dlls/imagehlp/arm64ec-windows/imagehlp.dll	P2
resource	Runtime/arm64ec-windows/imm32.dll	720896	3f6353daa14cbe217516e9809242fcb857613b445dde6486e3b267145cd5a93b	wine-build	build-arm64ec/dlls/imm32/arm64ec-windows/imm32.dll	P2
resource	Runtime/arm64ec-windows/iphlpapi.dll	917504	a5973d36bbb5b84a9153a844506e8b2735ae97168ebc14f9e0c51e3a6426ae18	wine-build	build-arm64ec/dlls/iphlpapi/arm64ec-windows/iphlpapi.dll	P2
resource	Runtime/arm64ec-windows/jsproxy.dll	851968	3939141fdf1cd121906db1b9ef290bf4a4dad4b22dc3f6e9ecd7607e89ba511b	wine-build	build-arm64ec/dlls/jsproxy/arm64ec-windows/jsproxy.dll	P2
resource	Runtime/arm64ec-windows/kernel32.dll	983040	e2686a1533128754990c924046cf28a2aa5138f268697edfbada505f6087ff1a	wine-build	build-arm64ec/dlls/kernel32/arm64ec-windows/kernel32.dll	P2
resource	Runtime/arm64ec-windows/kernelbase.dll	3604480	7cb716f548e9b3d343841f3cc88f80da41c1b02cd6bdb6ec83c5696b383c91d7	wine-build	build-arm64ec/dlls/kernelbase/arm64ec-windows/kernelbase.dll	P2
resource	Runtime/arm64ec-windows/ktmw32.dll	655360	da5cf33a199c35cf13dd1a036aaad0b3bb1b00cbd648cb7dfd2a46504fa62841	wine-build	build-arm64ec/dlls/ktmw32/arm64ec-windows/ktmw32.dll	P2
resource	Runtime/arm64ec-windows/mf.dll	1310720	4cf72ae1770a9428d7489cee25192eafd99708710167d63dc1c905225c02dbe8	wine-build	build-arm64ec/dlls/mf/arm64ec-windows/mf.dll	P2
resource	Runtime/arm64ec-windows/mfmp4srcsnk.dll	851968	0b1572384134a9a3fbef2e8e18873526b72a051a37d464b3fc2dbe3dd151b8a5	wine-build	build-arm64ec/dlls/mfmp4srcsnk/arm64ec-windows/mfmp4srcsnk.dll	P2
resource	Runtime/arm64ec-windows/mfplat.dll	1179648	d0c05759d93f477245ca3f6a30c0a04f6d4cdf72903676f92b57242f570932e5	wine-build	build-arm64ec/dlls/mfplat/arm64ec-windows/mfplat.dll	P2
resource	Runtime/arm64ec-windows/mfreadwrite.dll	851968	94ffbe400602b198e19152ac683ffb5543a3b6a7b07be386458691f0287a14a9	wine-build	build-arm64ec/dlls/mfreadwrite/arm64ec-windows/mfreadwrite.dll	P2
resource	Runtime/arm64ec-windows/mfsrcsnk.dll	851968	f8ff51f49743bb8adc9ec0de94baede28752a0ac933cc427cb51f366f573191d	wine-build	build-arm64ec/dlls/mfsrcsnk/arm64ec-windows/mfsrcsnk.dll	P2
resource	Runtime/arm64ec-windows/mmdevapi.dll	851968	f99d1d38a0e4e28a5728741aaf109609d9e9e673353ad275e83ffc1d8dc4e205	wine-build	build-arm64ec/dlls/mmdevapi/arm64ec-windows/mmdevapi.dll	P2
resource	Runtime/arm64ec-windows/mpr.dll	720896	f6c38e3de4b7dbba2ead56e7269767084ba6a5275346a70d7b801fbafff6673f	wine-build	build-arm64ec/dlls/mpr/arm64ec-windows/mpr.dll	P2
resource	Runtime/arm64ec-windows/msacm32.dll	786432	534fcfefe763d68135889cc307293ed2bb5901c5f3e20585e8db89fce63afd15	wine-build	build-arm64ec/dlls/msacm32/arm64ec-windows/msacm32.dll	P2
resource	Runtime/arm64ec-windows/msauddecmft.dll	851968	9622bfb8783d1e3225d151f6163ceca7c73866dcf66ba6fe0c75fd4d0daa1cb6	wine-build	build-arm64ec/dlls/msauddecmft/arm64ec-windows/msauddecmft.dll	P2
resource	Runtime/arm64ec-windows/mscoree.dll	983040	41b15daca674f7fa8dd64c293efed3dbffd08a1407cca7682b4dc415cdfe7bb1	wine-build	build-arm64ec/dlls/mscoree/arm64ec-windows/mscoree.dll	P2
resource	Runtime/arm64ec-windows/msdmo.dll	851968	f9fd1b0dcf32dc59b1c4b849b8174e540ccc4ff48bcc37f41c8a5fe4a8fc4ed8	wine-build	build-arm64ec/dlls/msdmo/arm64ec-windows/msdmo.dll	P2
resource	Runtime/arm64ec-windows/msimg32.dll	589824	b3849ef131bba1e8c3c56a95b0d01bb55f0ebbe30bcdc23ecf99370e6c490a0e	wine-build	build-arm64ec/dlls/msimg32/arm64ec-windows/msimg32.dll	P2
resource	Runtime/arm64ec-windows/msmpeg2vdec.dll	917504	c1d4e9608f638ac4719b3414f0c0d6ab7af7d60f736fe3cde188a856c18276d2	wine-build	build-arm64ec/dlls/msmpeg2vdec/arm64ec-windows/msmpeg2vdec.dll	P2
resource	Runtime/arm64ec-windows/msvcp110.dll	1638400	4b6aad30c7caa957f1fbb3af4ce495159ee43a6642957ff82128f68342ab3544	wine-build	build-arm64ec/dlls/msvcp110/arm64ec-windows/msvcp110.dll	P2
resource	Runtime/arm64ec-windows/msvcp120.dll	1638400	57e5bf6fc55ff67cc1badbccf8d121173f80c9b70dbc6ddbae0844368b26e864	wine-build	build-arm64ec/dlls/msvcp120/arm64ec-windows/msvcp120.dll	P2
resource	Runtime/arm64ec-windows/msvcp140.dll	1703936	c1b01ee291db8db99ef259ded414bb8ad75713ebf8e6b892213c130ebe3c05d2	wine-build	build-arm64ec/dlls/msvcp140/arm64ec-windows/msvcp140.dll	P2
resource	Runtime/arm64ec-windows/msvcp140_1.dll	589824	6a1c7f969eae6a17fd569da981bea92fa2385a8b065d58dc4490b0a1713e8e11	wine-build	build-arm64ec/dlls/msvcp140_1/arm64ec-windows/msvcp140_1.dll	P2
resource	Runtime/arm64ec-windows/msvcp140_2.dll	720896	def97d2f24421f504712613b4e5a1131df579404a4d415146c1e16b9e17b4130	wine-build	build-arm64ec/dlls/msvcp140_2/arm64ec-windows/msvcp140_2.dll	P2
resource	Runtime/arm64ec-windows/msvcp140_atomic_wait.dll	655360	67bbb56579927918bffa4a5872d44475243a46de98c83ae718fcccab40781934	wine-build	build-arm64ec/dlls/msvcp140_atomic_wait/arm64ec-windows/msvcp140_atomic_wait.dll	P2
resource	Runtime/arm64ec-windows/msvcp140_codecvt_ids.dll	589824	49c792495f029d9de575d51ec48d9dab8cc44e1cd0d3580744a89029bfcd31d7	wine-build	build-arm64ec/dlls/msvcp140_codecvt_ids/arm64ec-windows/msvcp140_codecvt_ids.dll	P2
resource	Runtime/arm64ec-windows/msvcr110.dll	1441792	841f6814e4acd2805754b941e6cd1dca04aa7ec8ea55c2dadbac1432694cc305	wine-build	build-arm64ec/dlls/msvcr110/arm64ec-windows/msvcr110.dll	P2
resource	Runtime/arm64ec-windows/msvcr120.dll	1572864	21d1757b90dd05ac3312255b93848a0c432338666cf46a518f2000b8dd37fcc3	wine-build	build-arm64ec/dlls/msvcr120/arm64ec-windows/msvcr120.dll	P2
resource	Runtime/arm64ec-windows/msvcrt.dll	1310720	10391aa057b0fcb44cf2e331454c2bdb8fde4f18d32c0103512c3120bdfc424a	wine-build	build-arm64ec/dlls/msvcrt/arm64ec-windows/msvcrt.dll	P2
resource	Runtime/arm64ec-windows/msvfw32.dll	720896	500c991a000b8bd875f4a8a070325053eb8f996f38571fa7a6becc0eb5a00e16	wine-build	build-arm64ec/dlls/msvfw32/arm64ec-windows/msvfw32.dll	P2
resource	Runtime/arm64ec-windows/msvproc.dll	2359296	c562aa8de8b283e5ca1e0d39777c63a1b2e7ff92719f9a32726cd04d2eec06a9	wine-build	build-arm64ec/dlls/msvproc/arm64ec-windows/msvproc.dll	P2
resource	Runtime/arm64ec-windows/mswsock.dll	720896	10c68ea7dc8acdf4c7d6c48307254640bd6e209687bc0ee8e54809eac7d784f9	wine-build	build-arm64ec/dlls/mswsock/arm64ec-windows/mswsock.dll	P2
resource	Runtime/arm64ec-windows/ncrypt.dll	655360	6f4dddc285de2149257f85a36f834a6ae3a003f072bf2343d8a09f54c91b1576	wine-build	build-arm64ec/dlls/ncrypt/arm64ec-windows/ncrypt.dll	P2
resource	Runtime/arm64ec-windows/netapi32.dll	655360	d881f11781b354a88b8a19bddfa106adc898cf1b2e43285f33794a74ba0681fa	wine-build	build-arm64ec/dlls/netapi32/arm64ec-windows/netapi32.dll	P2
resource	Runtime/arm64ec-windows/netutils.dll	655360	f8f303467f3eb482f1e8baa0e94e428894f3c8fb2a9f729e9d0da4b54bf07624	wine-build	build-arm64ec/dlls/netutils/arm64ec-windows/netutils.dll	P2
resource	Runtime/arm64ec-windows/nsi.dll	655360	4207df8cd2922f4bef0efaaf7a9c16d5438ca2361a355b26f5508656d12263d6	wine-build	build-arm64ec/dlls/nsi/arm64ec-windows/nsi.dll	P2
resource	Runtime/arm64ec-windows/ntdll.dll	1572864	d1616287c5048a57f1e4be2f7b70dc4f279682d9b108c6a215ba3b9251427d8b	wine-build	build-arm64ec/dlls/ntdll/arm64ec-windows/ntdll.dll	P2-ec
resource	Runtime/arm64ec-windows/ole32.dll	1638400	ba28bc412a2072b90ff03e9efd238192f0ab2afe599570a6eb1e2a13ad2c8cb0	wine-build	build-arm64ec/dlls/ole32/arm64ec-windows/ole32.dll	P2
resource	Runtime/arm64ec-windows/oleacc.dll	786432	6f2f8ab7fe54e9eea0e18d66a17df03d811bf78290d6da4923c73d2c80b09b34	wine-build	build-arm64ec/dlls/oleacc/arm64ec-windows/oleacc.dll	P2
resource	Runtime/arm64ec-windows/oleaut32.dll	1507328	b6322c406627463c14ba753e4c6cb5aad3c74e046a583b46fe57d5363baef47e	wine-build	build-arm64ec/dlls/oleaut32/arm64ec-windows/oleaut32.dll	P2
resource	Runtime/arm64ec-windows/opengl32.dll	2490368	7a197638d13798d171c41f4edce4cff92dc5a961b03b3b5c5e2bef41c6476ebb	wine-build	build-arm64ec/dlls/opengl32/arm64ec-windows/opengl32.dll	P2
resource	Runtime/arm64ec-windows/pdh.dll	655360	5bc8b358e5ff558f448b199fe5835875cbae4dcabc64fd76ab05d1cce55cdb5d	wine-build	build-arm64ec/dlls/pdh/arm64ec-windows/pdh.dll	P2
resource	Runtime/arm64ec-windows/powrprof.dll	589824	508007a683be58e819d4dc0aff93836edf7fdf540a6d803dd3a59acaa504ca66	wine-build	build-arm64ec/dlls/powrprof/arm64ec-windows/powrprof.dll	P2
resource	Runtime/arm64ec-windows/propsys.dll	917504	f493f97e2d875426c94da005e657ed64ad3a7c953c3f039528797a84cc48b2f7	wine-build	build-arm64ec/dlls/propsys/arm64ec-windows/propsys.dll	P2
resource	Runtime/arm64ec-windows/psapi.dll	655360	17196a832094e9e765eb2239757f5237559346d7ccff6c25ea073078332fc85d	wine-build	build-arm64ec/dlls/psapi/arm64ec-windows/psapi.dll	P2
resource	Runtime/arm64ec-windows/qwave.dll	655360	ccba7770422aa9670b9ca7c175ded287e1da059be5ed21014138386f2d0acd2d	wine-build	build-arm64ec/dlls/qwave/arm64ec-windows/qwave.dll	P2
resource	Runtime/arm64ec-windows/resampledmo.dll	1245184	10d58b07c32b0165590118a9573f2077636512282689748baf2236e5c21b86aa	wine-build	build-arm64ec/dlls/resampledmo/arm64ec-windows/resampledmo.dll	P2
resource	Runtime/arm64ec-windows/rpcrt4.dll	1441792	b335c1d0d6c3bed1caf0d29ec09ec43b82850e7eeda4134ee64b135165b571d9	wine-build	build-arm64ec/dlls/rpcrt4/arm64ec-windows/rpcrt4.dll	P2
resource	Runtime/arm64ec-windows/rsaenh.dll	917504	35be1047e24a0f1e7da8f9da79785dd1f92e1e80d788c915447d8b6788b4c051	wine-build	build-arm64ec/dlls/rsaenh/arm64ec-windows/rsaenh.dll	P2
resource	Runtime/arm64ec-windows/rtworkq.dll	655360	9646a9a363b230d649536e14674159c8aa311c56d959e836b6535e95e7992554	wine-build	build-arm64ec/dlls/rtworkq/arm64ec-windows/rtworkq.dll	P2
resource	Runtime/arm64ec-windows/schannel.dll	720896	b2b66d42d978a1b820c2f3f79d3752defb47efcc7e85692aabcee4b4a0a264cf	wine-build	build-arm64ec/dlls/schannel/arm64ec-windows/schannel.dll	P2
resource	Runtime/arm64ec-windows/sechost.dll	655360	0b982509f49d64cca22c4a1b4c69fcaaed9b10c349ee076c0cb8e0de4c64f39a	wine-build	build-arm64ec/dlls/sechost/arm64ec-windows/sechost.dll	P2
resource	Runtime/arm64ec-windows/secur32.dll	720896	8b5548a634fb406164e2705fe7058399717b795b474725ca2518cd68fd85d36e	wine-build	build-arm64ec/dlls/secur32/arm64ec-windows/secur32.dll	P2
resource	Runtime/arm64ec-windows/setupapi.dll	1245184	f11b4216eaee98e3c995be37ce23515087747acae37350a320f2cbc7445ca45c	wine-build	build-arm64ec/dlls/setupapi/arm64ec-windows/setupapi.dll	P2
resource	Runtime/arm64ec-windows/shcore.dll	655360	c0575aba35230dcec35eef7ff0f38c7d8d4e9dc91df2f026ffb2f7872b9635f5	wine-build	build-arm64ec/dlls/shcore/arm64ec-windows/shcore.dll	P2
resource	Runtime/arm64ec-windows/shell32.dll	10682368	e346d2f77d833a383c8409bd76f4863c9438ab88fa5365fe0907ed034674636e	wine-build	build-arm64ec/dlls/shell32/arm64ec-windows/shell32.dll	P2
resource	Runtime/arm64ec-windows/shlwapi.dll	983040	ea6a5809c086be31d1b013dd2e64a60fedd9c0b0ef8e9059ef505d2de0559913	wine-build	build-arm64ec/dlls/shlwapi/arm64ec-windows/shlwapi.dll	P2
resource	Runtime/arm64ec-windows/ucrtbase.dll	1572864	e8d6d792354146ef303a7a4848fb7326a8fad48c0112b672a06413c823554721	wine-build	build-arm64ec/dlls/ucrtbase/arm64ec-windows/ucrtbase.dll	P2
resource	Runtime/arm64ec-windows/uiautomationcore.dll	1245184	2e4de700c13c8b05d2a06f180cc3e945e3515271aaf3d3ec0f1883f74e4380a2	wine-build	build-arm64ec/dlls/uiautomationcore/arm64ec-windows/uiautomationcore.dll	P2
resource	Runtime/arm64ec-windows/urlmon.dll	1310720	ecda4964c396aba0c5563c232f5854f3e7f7fa2daa59cd65685df7a9abcfde24	wine-build	build-arm64ec/dlls/urlmon/arm64ec-windows/urlmon.dll	P2
resource	Runtime/arm64ec-windows/user32.dll	2686976	65918fc5944ff3800b7b07bc1c8c0bc885f627e9eed5909c5bf17c0c1d243426	wine-build	build-arm64ec/dlls/user32/arm64ec-windows/user32.dll	P2
resource	Runtime/arm64ec-windows/userenv.dll	589824	b38b7957cde14e73b581ec1b5a0e68e79447476c7318d1b8a840a312d7d6e22c	wine-build	build-arm64ec/dlls/userenv/arm64ec-windows/userenv.dll	P2
resource	Runtime/arm64ec-windows/uxtheme.dll	851968	0f9947bca87ac13b47a84e1b3c6ab871ca39778206c35e06d45a19e4caa601a2	wine-build	build-arm64ec/dlls/uxtheme/arm64ec-windows/uxtheme.dll	P2
resource	Runtime/arm64ec-windows/vcomp110.dll	655360	ba1dd754e4f9ee6cfd9e0b6966ec49c19ef76aa29952ee3fb8283dd67651900a	wine-build	build-arm64ec/dlls/vcomp110/arm64ec-windows/vcomp110.dll	P2
resource	Runtime/arm64ec-windows/vcruntime140.dll	655360	fb7c08369cee6da57c7b0838160031f156b0504b3e93bc27b522869a5be45044	wine-build	build-arm64ec/dlls/vcruntime140/arm64ec-windows/vcruntime140.dll	P2
resource	Runtime/arm64ec-windows/vcruntime140_1.dll	720896	1d199f95eacb952dbe8507ea8bb5d1a50c594f1a13f01b2dfceffbeca20833f1	wine-build	build-arm64ec/dlls/vcruntime140_1/arm64ec-windows/vcruntime140_1.dll	P2
resource	Runtime/arm64ec-windows/version.dll	655360	de7913ae75e6141ffe747bba5cfb87020ea466e753383272babf8cccb0323ad9	wine-build	build-arm64ec/dlls/version/arm64ec-windows/version.dll	P2
resource	Runtime/arm64ec-windows/vulkan-1.dll	720896	c05f7b44c2b423f2f28d95d62095ce6c0ea656db65c023d00eef77058ebee35b	wine-build	build-arm64ec/dlls/vulkan-1/arm64ec-windows/vulkan-1.dll	P2
resource	Runtime/arm64ec-windows/wevtapi.dll	655360	d3ee4be1abab6df7cc15f0ec462eaca7c57d2c03ba73c8a63b136ca5c49c8d73	wine-build	build-arm64ec/dlls/wevtapi/arm64ec-windows/wevtapi.dll	P2
resource	Runtime/arm64ec-windows/win32u.dll	983040	deefaa90c552c678343412a8420e426b1e4ca0fd4b67156fe72937be23dbf536	wine-build	build-arm64ec/dlls/win32u/arm64ec-windows/win32u.dll	P2
resource	Runtime/arm64ec-windows/windows.gaming.input.dll	786432	314b05cee6bed880041a0e8d480babeeee05039918bca9bf703d2cf2fd031874	wine-build	build-arm64ec/dlls/windows.gaming.input/arm64ec-windows/windows.gaming.input.dll	P2
resource	Runtime/arm64ec-windows/windows.ui.dll	786432	4c6bd1438dccc724c02d48e5e3cf51f085521ee43966764b5a845e28ee84ab40	wine-build	build-arm64ec/dlls/windows.ui/arm64ec-windows/windows.ui.dll	P2
resource	Runtime/arm64ec-windows/windowscodecs.dll	2490368	629ac43f0b69cdd9f2913ca3f7642b2264c4e20099ab278e25feb0544266e65b	wine-build	build-arm64ec/dlls/windowscodecs/arm64ec-windows/windowscodecs.dll	P2
resource	Runtime/arm64ec-windows/wined3d.dll	5177344	e40dd621789aa83224616ab475e6d0574b0fbfb59de012a5b403354a769e0bd4	wine-build	build-arm64ec/dlls/wined3d/arm64ec-windows/wined3d.dll	P2
resource	Runtime/arm64ec-windows/winedmo.dll	589824	fe025d5ec1fdffd1d889925d135d37e528ca712e6446e3480eddfabb003a141f	wine-build	build-arm64ec/dlls/winedmo/arm64ec-windows/winedmo.dll	P2
resource	Runtime/arm64ec-windows/winegstreamer.dll	1179648	090061c0eb2e73048808c8faf9f6245f7c00dc6fe65a9b4aa2925b8db25425c9	wine-build	build-arm64ec/dlls/winegstreamer/arm64ec-windows/winegstreamer.dll	P2
resource	Runtime/arm64ec-windows/winemetal.dll	110592	6eac9eef6dc4516e3aed99d880589c09b33b5f509764e7e28d95bb4a5153b4ea	dxmt-pe	arm64ec-windows/winemetal.dll	P5-dxmt-pe
resource	Runtime/arm64ec-windows/winevulkan.dll	983040	c5404bfd70afc631c33b97dfb6e9ebdff78b8ac744d2b68b40aa5f6ecd346973	wine-build	build-arm64ec/dlls/winevulkan/arm64ec-windows/winevulkan.dll	P2
resource	Runtime/arm64ec-windows/winhttp.dll	1048576	8ac9b21729059f5fe592d037c6d779b53f004084e16d81ce2ab21689b7bbc2a8	wine-build	build-arm64ec/dlls/winhttp/arm64ec-windows/winhttp.dll	P2
resource	Runtime/arm64ec-windows/wininet.dll	1245184	197e8dc8c729d17bc5590b02189d4e860e18070876e02ad4021ef1d38552b6dd	wine-build	build-arm64ec/dlls/wininet/arm64ec-windows/wininet.dll	P2
resource	Runtime/arm64ec-windows/winmm.dll	1376256	dea4bb6f19d05aa4709cc5b15b96303a9726373fff7a6aad2f63542e090fc953	wine-build	build-arm64ec/dlls/winmm/arm64ec-windows/winmm.dll	P2
resource	Runtime/arm64ec-windows/winspool.drv	786432	9e1dffa4e641181a017d25d0057d6767225baf3fa01759e880aab5594e8a9c7c	wine-build	build-arm64ec/dlls/winspool.drv/arm64ec-windows/winspool.drv	P2
resource	Runtime/arm64ec-windows/wintrust.dll	786432	6538144a08b51497dba1f82b2ed386760b6b699cfab035935363d12c098beb7d	wine-build	build-arm64ec/dlls/wintrust/arm64ec-windows/wintrust.dll	P2
resource	Runtime/arm64ec-windows/winusb.dll	655360	969f90e893a90e89ce3e5e9b863922cbe8d3e6e8ce82e3ed45831242fef07fbc	wine-build	build-arm64ec/dlls/winusb/arm64ec-windows/winusb.dll	P2
resource	Runtime/arm64ec-windows/wlanapi.dll	655360	8b676355bcdbcb0ca412419eb92c77b98accc305eb70fd4e346a44be7e1c4e19	wine-build	build-arm64ec/dlls/wlanapi/arm64ec-windows/wlanapi.dll	P2
resource	Runtime/arm64ec-windows/ws2_32.dll	786432	b4feceafd78830c4934461ad161f250a4e004de8d125583f01a91f001772172c	wine-build	build-arm64ec/dlls/ws2_32/arm64ec-windows/ws2_32.dll	P2
resource	Runtime/arm64ec-windows/wsock32.dll	655360	8310d90f17d7d8ae073b6317b4f2b0c048aef4c376fa6e903231fc4970a56c23	wine-build	build-arm64ec/dlls/wsock32/arm64ec-windows/wsock32.dll	P2
resource	Runtime/arm64ec-windows/wtsapi32.dll	655360	a1f26efbb57d6a3b46b2bb2f20db823434d71536c037801796c5b078517dc4d8	wine-build	build-arm64ec/dlls/wtsapi32/arm64ec-windows/wtsapi32.dll	P2
resource	Runtime/arm64ec-windows/xaudio2_7.dll	1048576	f891bd93bd06147e127693fd6d7e5b8e288500ac30f99f4e269fe41d753e0ea0	wine-build	build-arm64ec/dlls/xaudio2_7/arm64ec-windows/xaudio2_7.dll	P2
resource	Runtime/arm64ec-windows/xinput1_1.dll	655360	00360976f2b7d3c2e6f7dc1f6a486661d836d71a54656ae52b96b84578af09a2	wine-build	build-arm64ec/dlls/xinput1_1/arm64ec-windows/xinput1_1.dll	P2
resource	Runtime/arm64ec-windows/xinput1_2.dll	655360	181b97eabcc4ecce9938c67fd674f7abbce32c2ede34f91ffd088d78b98782d4	wine-build	build-arm64ec/dlls/xinput1_2/arm64ec-windows/xinput1_2.dll	P2
resource	Runtime/arm64ec-windows/xinput1_3.dll	655360	d3e6d24a5209b120a248419dc659d7c8a9da6b4493b7f6a9a1728cd9ff4ab8f1	wine-build	build-arm64ec/dlls/xinput1_3/arm64ec-windows/xinput1_3.dll	P2
resource	Runtime/arm64ec-windows/xinput1_4.dll	720896	071d91d437a8094ed5afbdb0f42e1cd3ae88d01a8d2b18d75b921227fb8e49f8	wine-build	build-arm64ec/dlls/xinput1_4/arm64ec-windows/xinput1_4.dll	P2
resource	Runtime/arm64ec-windows/xinput9_1_0.dll	655360	a03da9029bc3687eea0b0c4218875f8c783d31d60ef49dbe220f69bd125b40e2	wine-build	build-arm64ec/dlls/xinput9_1_0/arm64ec-windows/xinput9_1_0.dll	P2
resource	Runtime/arm64ec-windows/xtajit64.dll	5701632	8f6fb70c3fbe82778883f0b7825e535dda4db51d4174e639057703c52daca89f	fex	libarm64ecfex.dll	P1-de
resource	Runtime/aarch64-windows/actxprxy.dll	786432	756eeb30e1ada3ae4a8a3948c78a3e14aa6fe3793ba8f68d0fe694ef53f89ae5	wine-build	build-macos/dlls/actxprxy/aarch64-windows/actxprxy.dll	P2
resource	Runtime/aarch64-windows/advapi32.dll	786432	4bfe64eda653854d62f2d91d52ea2e073a278602d1474f5cb05a6c911f245500	wine-build	build-macos/dlls/advapi32/aarch64-windows/advapi32.dll	P2
resource	Runtime/aarch64-windows/apisetschema.dll	196608	678533718e811293367b8d82374d7dee3673cdf25f179e06d0152011425d0d19	wine-build	build-macos/dlls/apisetschema/aarch64-windows/apisetschema.dll	P2
resource	Runtime/aarch64-windows/authz.dll	458752	fbb1200881405aa10fb80366ed27255551b9810b26f05f54bfe376a5a524e273	wine-build	build-macos/dlls/authz/aarch64-windows/authz.dll	P2
resource	Runtime/aarch64-windows/avrt.dll	458752	7459e38289c4f83e526831b4aeca9d26572fb10c1afe67e3392fc21bb11147fc	wine-build	build-macos/dlls/avrt/aarch64-windows/avrt.dll	P2
resource	Runtime/aarch64-windows/bcrypt.dll	786432	872454b6a04f7329a78784a7ce645f12bdf554de277dc959c2dec186a1c98b40	wine-build	build-macos/dlls/bcrypt/aarch64-windows/bcrypt.dll	P2
resource	Runtime/aarch64-windows/bcryptprimitives.dll	458752	bbd438fbc77d4c9f1786d4d36498944deed5f1ae090064a9bdbf9a7cf7675b4d	wine-build	build-macos/dlls/bcryptprimitives/aarch64-windows/bcryptprimitives.dll	P2
resource	Runtime/aarch64-windows/cfgmgr32.dll	589824	f5649f84bca6c1de70db403a165f6267a8ab9ad1644403389741e669b84a45ca	wine-build	build-macos/dlls/cfgmgr32/aarch64-windows/cfgmgr32.dll	P2
resource	Runtime/aarch64-windows/clock.exe	393216	476477d6d109db8f43bb955d015906c5f4a4eebedfce64b157a42387031f1250	wine-build	build-macos/programs/clock/aarch64-windows/clock.exe	P2
resource	Runtime/aarch64-windows/cmd.exe	1376256	5ccbbe7b85a98868802e117d5646d2e3d74751f6c80e59b1081479ae0e73e141	wine-build	build-macos/programs/cmd/aarch64-windows/cmd.exe	P2
resource	Runtime/aarch64-windows/combase.dll	851968	2537d2cd339257c66dd7fe94e318495ec3090aa6af7f53e6e7e84b5e21e15ba7	wine-build	build-macos/dlls/combase/aarch64-windows/combase.dll	P2
resource	Runtime/aarch64-windows/comctl32.dll	1835008	2bbaeee7eab2a2f4f7bf16ac61dabda5add126d7925a6128cab44682298dca38	wine-build	build-macos/dlls/comctl32/aarch64-windows/comctl32.dll	P2
resource	Runtime/aarch64-windows/comdlg32.dll	1572864	7cf6f0ee3f27714bed0e17855f29073092ac2f005715f4c8dc053d95a1c0234e	wine-build	build-macos/dlls/comdlg32/aarch64-windows/comdlg32.dll	P2
resource	Runtime/aarch64-windows/coml2.dll	524288	3228eaf25c0d90b8f77c71c196e7c22e8490c5f904c2f76de2fcd655ff177b0a	wine-build	build-macos/dlls/coml2/aarch64-windows/coml2.dll	P2
resource	Runtime/aarch64-windows/compstui.dll	524288	8f05416ba39ab4d52b3b567fb3ec8bb3dbc01d67141c5a584672f5faea00b474	wine-build	build-macos/dlls/compstui/aarch64-windows/compstui.dll	P2
resource	Runtime/aarch64-windows/concrt140.dll	589824	2ee1d79f7647f70e88e6895d26e425c474cb9018c614e781586cdcdb8c1e3e43	wine-build	build-macos/dlls/concrt140/aarch64-windows/concrt140.dll	P2
resource	Runtime/aarch64-windows/conhost.exe	655360	6c08960b84f662adbba695b5bd1fdef74f2e5f6ab3d885ae425a89d59b46ad94	wine-build	build-macos/programs/conhost/aarch64-windows/conhost.exe	P2
resource	Runtime/aarch64-windows/credui.dll	589824	2a20187f3ec293d03e70275fd39a92451dff8499f065ec3c4f470027cac13636	wine-build	build-macos/dlls/credui/aarch64-windows/credui.dll	P2
resource	Runtime/aarch64-windows/crypt32.dll	1310720	07421af34afee49f8857e3f8ad521bc9322bd95032504eb69b4c9fe168ceb8e4	wine-build	build-macos/dlls/crypt32/aarch64-windows/crypt32.dll	P2
resource	Runtime/aarch64-windows/cryptbase.dll	458752	f2a27d085470d4200080fabb97ac99c2d07cace6fddf82598b721af0d3bb2feb	wine-build	build-macos/dlls/cryptbase/aarch64-windows/cryptbase.dll	P2
resource	Runtime/aarch64-windows/cryptnet.dll	458752	8ab435c657392236122ea3cdd560cb6e17728c6ce1ca91dadac5ea74907f2aaf	wine-build	build-macos/dlls/cryptnet/aarch64-windows/cryptnet.dll	P2
resource	Runtime/aarch64-windows/cryptui.dll	1638400	ade853ea5c2d067852f13890cebe54b95bcbbb881c8820b8a71f8bbbeb468075	wine-build	build-macos/dlls/cryptui/aarch64-windows/cryptui.dll	P2
resource	Runtime/aarch64-windows/d3d10core.dll	524288	cd7283d7945909a18d4ca7a7617f1e8617cc5fadf69b93dd97497f5012eeeb56	wine-build	build-macos/dlls/d3d10core/aarch64-windows/d3d10core.dll	P2
resource	Runtime/aarch64-windows/d3d11.dll	4612096	8d634afc3d052d9f3324879de13ab0b6caf076e46e7d1341d7634b5afa996aa8	dxmt-pe	aarch64-windows/d3d11.dll	P5-dxmt-pe
resource	Runtime/aarch64-windows/d3d12.dll	589824	7ad80fead64265865868f371e2151a2fb77b43f3d19c571d952f4aa5291ebcc9	wine-build	build-macos/dlls/d3d12/aarch64-windows/d3d12.dll	P2
resource	Runtime/aarch64-windows/d3d9.dll	655360	7993cbc19fe9d8acf8372750797ca96285f445e9db252ae58452ed34b916fdb7	wine-build	build-macos/dlls/d3d9/aarch64-windows/d3d9.dll	P2
resource	Runtime/aarch64-windows/dbghelp.dll	1048576	8dc45df7167a2ce36e38923ea7e6c553421327f2ff8192ad6fd5d1b830227f03	wine-build	build-macos/dlls/dbghelp/aarch64-windows/dbghelp.dll	P2
resource	Runtime/aarch64-windows/dhcpcsvc.dll	458752	89635870e7f75325d28d22ee60e9fdf2ace4c01f7125573b09e7b6d17eb49b0c	wine-build	build-macos/dlls/dhcpcsvc/aarch64-windows/dhcpcsvc.dll	P2
resource	Runtime/aarch64-windows/dinput8.dll	851968	2777be48346b7532728301447cf2b8b3cccb05d3f08c6beca347a82ac9f081c4	wine-build	build-macos/dlls/dinput8/aarch64-windows/dinput8.dll	P2
resource	Runtime/aarch64-windows/dnsapi.dll	524288	0cef18f580ac903469aef81635c31861b6ed1ba83f31871ca0610837cc5e1ed4	wine-build	build-macos/dlls/dnsapi/aarch64-windows/dnsapi.dll	P2
resource	Runtime/aarch64-windows/dsound.dll	917504	f354caa400198d259c5379c05f5d3dd7b141d289556e8babc5d92263a8577f6b	wine-build	build-macos/dlls/dsound/aarch64-windows/dsound.dll	P2
resource	Runtime/aarch64-windows/dssenh.dll	589824	c852b81e2c7c7b33d09115396894890b771e7e90a174cebd34d38f2adc87898d	wine-build	build-macos/dlls/dssenh/aarch64-windows/dssenh.dll	P2
resource	Runtime/aarch64-windows/dwmapi.dll	524288	6d18bc1843683fbe4f2e2cafc715abdf80e50c4d45e4f0f4cc255c9df625ee9d	wine-build	build-macos/dlls/dwmapi/aarch64-windows/dwmapi.dll	P2
resource	Runtime/aarch64-windows/dwrite.dll	917504	262d03102e9ab961b0b7cdee10aab08403bfdf6079d6999d55cd7a1c86c0f728	wine-build	build-macos/dlls/dwrite/aarch64-windows/dwrite.dll	P2
resource	Runtime/aarch64-windows/dxgi.dll	1372160	fda47f9e9cb048dbdf9425bb5259ffd5a4a87f84fa77ff05174e90c2b42e0c5f	dxmt-pe	aarch64-windows/dxgi.dll	P5-dxmt-pe
resource	Runtime/aarch64-windows/esent.dll	458752	cdc8c17ab8954f81deb0f8ddf2d07bc3f23b7dfa855ae88f2900cb20c6ce0e9d	wine-build	build-macos/dlls/esent/aarch64-windows/esent.dll	P2
resource	Runtime/aarch64-windows/explorer.exe	589824	5bc24d6f380c045642aaeb9cdab6a8b1748cbefc7b2eaf8c437e2606f289c68b	wine-build	build-macos/programs/explorer/aarch64-windows/explorer.exe	P2
resource	Runtime/aarch64-windows/fontsub.dll	458752	87b0656bb2ce47a9f9a2bc7162d5201673319d96698ce4d427a6787484e6ebef	wine-build	build-macos/dlls/fontsub/aarch64-windows/fontsub.dll	P2
resource	Runtime/aarch64-windows/gdi32.dll	1048576	91dfddfe25ad711672759b045f26581a651bd18eb346f1cafb1c43a6646e12a6	wine-build	build-macos/dlls/gdi32/aarch64-windows/gdi32.dll	P2
resource	Runtime/aarch64-windows/hid.dll	524288	67c679503b20062155949fcb21bb459e40cebc4c38c7aeab4b6417356a122799	wine-build	build-macos/dlls/hid/aarch64-windows/hid.dll	P2
resource	Runtime/aarch64-windows/ieframe.dll	1048576	f7fad8407b7f28806f12d5bfabfc2454e0e8eca40b4314f2b58a3d268b632582	wine-build	build-macos/dlls/ieframe/aarch64-windows/ieframe.dll	P2
resource	Runtime/aarch64-windows/iexplore.exe	589824	4dddafd7a2dc21e74e40df661e81e490286a42854df9c2fdf91a998aca8d99f7	wine-build	build-macos/programs/iexplore/aarch64-windows/iexplore.exe	P2
resource	Runtime/aarch64-windows/imagehlp.dll	458752	dac48e6fc982c1cfdcb2ed845668dcebc021efdf4db6f837a3592975b5526401	wine-build	build-macos/dlls/imagehlp/aarch64-windows/imagehlp.dll	P2
resource	Runtime/aarch64-windows/imm32.dll	524288	4b5dd1dbad3e9fb3f4db241f9e44bd9f7b2444d26c2494c479f4d65750084736	wine-build	build-macos/dlls/imm32/aarch64-windows/imm32.dll	P2
resource	Runtime/aarch64-windows/iphlpapi.dll	720896	84423334d3f114eef885f033adba121ca713d095066ed889277bfa70b03869c5	wine-build	build-macos/dlls/iphlpapi/aarch64-windows/iphlpapi.dll	P2
resource	Runtime/aarch64-windows/jscript.dll	1179648	eb79f1c6b22d4498737cd560d47c8e90220318f1ab398cacde9e7e5e7203c63c	wine-build	build-macos/dlls/jscript/aarch64-windows/jscript.dll	P2
resource	Runtime/aarch64-windows/jsproxy.dll	589824	eab229be27564c34a0295526763ee66b27eb416e78b5a39e9ff51cc5c8d3917f	wine-build	build-macos/dlls/jsproxy/aarch64-windows/jsproxy.dll	P2
resource	Runtime/aarch64-windows/kernel32.dll	851968	7f24b0691ed42f12e360b0902331bb6baee2545a6a6011bf66b05c4d407f1297	wine-build	build-macos/dlls/kernel32/aarch64-windows/kernel32.dll	P2
resource	Runtime/aarch64-windows/kernelbase.dll	3538944	017192a61f92b82110dc967ec2546f554fdb0d185b8f9fcade7994332db16062	wine-build	build-macos/dlls/kernelbase/aarch64-windows/kernelbase.dll	P2
resource	Runtime/aarch64-windows/mf.dll	1114112	4e5bd480f1e99261a7d86d591113c53251b66c0cdcd85ce744957ff0950907da	wine-build	build-macos/dlls/mf/aarch64-windows/mf.dll	P2
resource	Runtime/aarch64-windows/mfplat.dll	917504	12c6ee4cd5a9bd4e9fc5291ef93da556b3619a232aa3479cf57a2ac295d1fe84	wine-build	build-macos/dlls/mfplat/aarch64-windows/mfplat.dll	P2
resource	Runtime/aarch64-windows/mfreadwrite.dll	720896	0e5ccb7334f9f9f633d4b80963b712e7c469e74ad00b483dafe217653d3208a2	wine-build	build-macos/dlls/mfreadwrite/aarch64-windows/mfreadwrite.dll	P2
resource	Runtime/aarch64-windows/mmdevapi.dll	655360	5aa69332c5bd4557bbc2cac686adc42c05d7c561e03e1f7e58be5997bbd74d02	wine-build	build-macos/dlls/mmdevapi/aarch64-windows/mmdevapi.dll	P2
resource	Runtime/aarch64-windows/mpr.dll	524288	a28408c26efa90b6c1981647c2f344fbe07b84466c893b3db9174e56ee67975e	wine-build	build-macos/dlls/mpr/aarch64-windows/mpr.dll	P2
resource	Runtime/aarch64-windows/msacm32.dll	524288	a21c742b800447e99e2fd66cd8b45e533a54572f9e21832a39f9432fa8693dc6	wine-build	build-macos/dlls/msacm32/aarch64-windows/msacm32.dll	P2
resource	Runtime/aarch64-windows/msdmo.dll	589824	10254a85de5e0634e2ecdb23e7076f93ea610fe9b8996a99a4a486b5afb4c391	wine-build	build-macos/dlls/msdmo/aarch64-windows/msdmo.dll	P2
resource	Runtime/aarch64-windows/mshtml.dll	2818048	e91a835f486f8b35f542bcc240661994230dee3f0374250818ce482e1809a1f0	wine-build	build-macos/dlls/mshtml/aarch64-windows/mshtml.dll	P2
resource	Runtime/aarch64-windows/msimg32.dll	458752	b6342213c5a2611c5e4830faefa4cf752638c10acefbc61371c15c6cdf3a6c66	wine-build	build-macos/dlls/msimg32/aarch64-windows/msimg32.dll	P2
resource	Runtime/aarch64-windows/msvcp140.dll	1507328	32c666e3b9717089ce0728166a2c1600faf742fd4cac406c0500de91eb47d4c5	wine-build	build-macos/dlls/msvcp140/aarch64-windows/msvcp140.dll	P2
resource	Runtime/aarch64-windows/msvcp140_1.dll	458752	986374ab4470d9f5f2a088be1ed6805c4f8367fbb23b338415542bd33e108135	wine-build	build-macos/dlls/msvcp140_1/aarch64-windows/msvcp140_1.dll	P2
resource	Runtime/aarch64-windows/msvcp140_2.dll	524288	4f9ec2d5c23430e920d2a34acd1edb42bb6c55b081ba0a48a6a332081495912c	wine-build	build-macos/dlls/msvcp140_2/aarch64-windows/msvcp140_2.dll	P2
resource	Runtime/aarch64-windows/msvcp140_atomic_wait.dll	458752	cfc112c8e7d6e321fef37f133fe99d4bae69cc185cd12ee08e3006fdda82164e	wine-build	build-macos/dlls/msvcp140_atomic_wait/aarch64-windows/msvcp140_atomic_wait.dll	P2
resource	Runtime/aarch64-windows/msvcp140_codecvt_ids.dll	327680	746837fb73d8d67e0b44447ba5973d2dd4e002bff87244d8268a52577a28a0f1	wine-build	build-macos/dlls/msvcp140_codecvt_ids/aarch64-windows/msvcp140_codecvt_ids.dll	P2
resource	Runtime/aarch64-windows/msvcr120.dll	1507328	49b55831953dc17c862d1d41a9b00f055ecd36a0821d8c7cf066e96b00169515	wine-build	build-macos/dlls/msvcr120/aarch64-windows/msvcr120.dll	P2
resource	Runtime/aarch64-windows/msvcrt.dll	1179648	b5a30502f4d50d76ec104be463476be4c00df0ff5b63b0f1054e8735ef5c69ea	wine-build	build-macos/dlls/msvcrt/aarch64-windows/msvcrt.dll	P2
resource	Runtime/aarch64-windows/mswsock.dll	524288	678b65b97d1c8da638962d73eb76df8ce70dadc49838518ccf06281efe2befd2	wine-build	build-macos/dlls/mswsock/aarch64-windows/mswsock.dll	P2
resource	Runtime/aarch64-windows/ncrypt.dll	458752	c2270ee72d25f05f9a8fc83f423b0f31b6ec9d17cbdb6858f26fbaa8af2f6060	wine-build	build-macos/dlls/ncrypt/aarch64-windows/ncrypt.dll	P2
resource	Runtime/aarch64-windows/netapi32.dll	524288	4bcf8ba27183359e2d2267f4a598861bd6e2dc77edfafda2096d59df2834937b	wine-build	build-macos/dlls/netapi32/aarch64-windows/netapi32.dll	P2
resource	Runtime/aarch64-windows/netutils.dll	458752	3277bb41fd69dcb9962ae97bb037012f42ff234f6eab227dd0e3e89b13e96597	wine-build	build-macos/dlls/netutils/aarch64-windows/netutils.dll	P2
resource	Runtime/aarch64-windows/newdev.dll	458752	ee7110a7836ed5494e88a84c1643f5107688e46d8fac57827e3770c520e9b076	wine-build	build-macos/dlls/newdev/aarch64-windows/newdev.dll	P2
resource	Runtime/aarch64-windows/notepad.exe	655360	056a4dbdc12f1fce5eab8618c9ef6d29c8dec023c0a637332c674019114275d0	wine-build	build-macos/programs/notepad/aarch64-windows/notepad.exe	P2
resource	Runtime/aarch64-windows/nsi.dll	458752	3b17c9e8f950ecc385e2a4f251c9da5c152020abf46c92adf261e9e2ef2ac79d	wine-build	build-macos/dlls/nsi/aarch64-windows/nsi.dll	P2
resource	Runtime/aarch64-windows/ntdll.dll	1376256	016eacb34c47e9a2ed78d7fecfec5ea52dd73010f56a5cd041165b9cf04776a6	wine-build	build-macos/dlls/ntdll/aarch64-windows/ntdll.dll	P2
resource	Runtime/aarch64-windows/ntoskrnl.exe	1048576	d8a343d53a7225c7fcd0ca1a1228dffa227e07365cbffa8b7c80db3a415ff188	wine-build	build-macos/dlls/ntoskrnl.exe/aarch64-windows/ntoskrnl.exe	P2
resource	Runtime/aarch64-windows/ole32.dll	1310720	3f9913866dff126010b1e12458bdf124d7f08eeae86db9d3da3007c6ebe5fdda	wine-build	build-macos/dlls/ole32/aarch64-windows/ole32.dll	P2
resource	Runtime/aarch64-windows/oleacc.dll	589824	37ce934246f4650d7516b26aee788ecc1279d1651706e2915d5d9e70c7ecb075	wine-build	build-macos/dlls/oleacc/aarch64-windows/oleacc.dll	P2
resource	Runtime/aarch64-windows/oleaut32.dll	1310720	0df1cea2bf371cb55813b61545061bbbba2cd155d9751a4390f073af8d1261a8	wine-build	build-macos/dlls/oleaut32/aarch64-windows/oleaut32.dll	P2
resource	Runtime/aarch64-windows/opengl32.dll	2293760	070de801e8a2658dce78ec5761cb57b945ea4d7ed2e327c20f5b910c2d4c5176	wine-build	build-macos/dlls/opengl32/aarch64-windows/opengl32.dll	P2
resource	Runtime/aarch64-windows/pdh.dll	458752	2f4f4539ffd115ed60332c818c53ac005188c6deaa286f81168712d584a0fc11	wine-build	build-macos/dlls/pdh/aarch64-windows/pdh.dll	P2
resource	Runtime/aarch64-windows/powrprof.dll	458752	6bba482bd198b3e3908a47869ff465e43515bf2ce117864db941f2386c76e4bc	wine-build	build-macos/dlls/powrprof/aarch64-windows/powrprof.dll	P2
resource	Runtime/aarch64-windows/propsys.dll	720896	34224dd9af9e6f61486bd9123f3f8f39b907a632804c49e78fe5d71fc90102df	wine-build	build-macos/dlls/propsys/aarch64-windows/propsys.dll	P2
resource	Runtime/aarch64-windows/psapi.dll	524288	e2393890b542ff7021b0ab6a2b01780bdd921cbd8084b1d15bed3df6a0521464	wine-build	build-macos/dlls/psapi/aarch64-windows/psapi.dll	P2
resource	Runtime/aarch64-windows/regedit.exe	1114112	35cf97cc3f6af1ac68122e92095d9ebe89d8b0ea323b250bf72d08a45c501b16	wine-build	build-macos/programs/regedit/aarch64-windows/regedit.exe	P2
resource	Runtime/aarch64-windows/rpcrt4.dll	1245184	f5f25d3cd73f9550a269c68349c66410bade009138fbc31ceea8103dbf92c6e9	wine-build	build-macos/dlls/rpcrt4/aarch64-windows/rpcrt4.dll	P2
resource	Runtime/aarch64-windows/rpcss.exe	458752	7630336e039d855ee61e779c9e16f28efed9ecad1d540ff45e3d1d33766a9a93	wine-build	build-macos/programs/rpcss/aarch64-windows/rpcss.exe	P2
resource	Runtime/aarch64-windows/rsaenh.dll	655360	891487829128b0bcb25c59afaa7f98416a31557a032aaf6ebc06e8d20efc2b99	wine-build	build-macos/dlls/rsaenh/aarch64-windows/rsaenh.dll	P2
resource	Runtime/aarch64-windows/rtworkq.dll	458752	60e7d9b607e791b47da957a2f47385aa31ba7816c1f73a18df85ab2f652b83df	wine-build	build-macos/dlls/rtworkq/aarch64-windows/rtworkq.dll	P2
resource	Runtime/aarch64-windows/schannel.dll	524288	13ac372979a0d33c44523f10149eaa7816070ca0e92ca2a5c5e35d42c738ba0e	wine-build	build-macos/dlls/schannel/aarch64-windows/schannel.dll	P2
resource	Runtime/aarch64-windows/sechost.dll	458752	1c5064a3d761f8335cd3ba6d1cd91a4957097d44876737b27c6b955e5d8c6023	wine-build	build-macos/dlls/sechost/aarch64-windows/sechost.dll	P2
resource	Runtime/aarch64-windows/secur32.dll	524288	5ddee0ffd8a88b9371ca14b18ed7b628ddfe9828acb200455e94d24a7e60a32d	wine-build	build-macos/dlls/secur32/aarch64-windows/secur32.dll	P2
resource	Runtime/aarch64-windows/services.exe	458752	0aad16e45ba0a023d7628a50a361d7550dc7203864479392dd08b8ee308dd5e3	wine-build	build-macos/programs/services/aarch64-windows/services.exe	P2
resource	Runtime/aarch64-windows/setupapi.dll	1048576	ba0a1ace17f3bec5816551dd45463f47a34269245e9eaab4d2ecddc87f04a179	wine-build	build-macos/dlls/setupapi/aarch64-windows/setupapi.dll	P2
resource	Runtime/aarch64-windows/shcore.dll	458752	ba83352e7eeb92bada50798cfd94386af097b8a9b096ab47e1e12cdded011cf2	wine-build	build-macos/dlls/shcore/aarch64-windows/shcore.dll	P2
resource	Runtime/aarch64-windows/shell32.dll	10420224	af5d44a21579d870445114959489e82b8d94f1c63fd55354e99f13de1244f632	wine-build	build-macos/dlls/shell32/aarch64-windows/shell32.dll	P2
resource	Runtime/aarch64-windows/shlwapi.dll	851968	5692dcb225c29567d52564e36bf7df295ab63a9de425aff83a187e64f0b89f37	wine-build	build-macos/dlls/shlwapi/aarch64-windows/shlwapi.dll	P2
resource	Runtime/aarch64-windows/start.exe	589824	c2fc69638dff6164104724dfe123a508e688af395d8da5daad1bb6e45631df2b	wine-build	build-macos/programs/start/aarch64-windows/start.exe	P2
resource	Runtime/aarch64-windows/taskmgr.exe	1048576	311af1b03c158aa329bb54040d75fcb3aa8497b4133e44114dfa791c9850f777	wine-build	build-macos/programs/taskmgr/aarch64-windows/taskmgr.exe	P2
resource	Runtime/aarch64-windows/ucrtbase.dll	1507328	3cdec793ce484da5535bd76e740308a6764387adc8e100510898ebeb114aa0e8	wine-build	build-macos/dlls/ucrtbase/aarch64-windows/ucrtbase.dll	P2
resource	Runtime/aarch64-windows/uiautomationcore.dll	1048576	55f7a572aad83e441cfa23dcf0ff6f66539f9031ea8bc7628a1f1fad3b050f6c	wine-build	build-macos/dlls/uiautomationcore/aarch64-windows/uiautomationcore.dll	P2
resource	Runtime/aarch64-windows/urlmon.dll	983040	8ba623955d32c86cc005bd360d027f0395f75a737028f620b7b3cbcaf6b6c81a	wine-build	build-macos/dlls/urlmon/aarch64-windows/urlmon.dll	P2
resource	Runtime/aarch64-windows/user32.dll	2490368	9069535e3cade27fcf7518a15bb019ba18eb2cc265d2915cff3bb4f5f3f6b3b7	wine-build	build-macos/dlls/user32/aarch64-windows/user32.dll	P2
resource	Runtime/aarch64-windows/userenv.dll	458752	870961c8946c7bce17cd026e3d49e8a1e16b09808faee4f4774ec36281811b52	wine-build	build-macos/dlls/userenv/aarch64-windows/userenv.dll	P2
resource	Runtime/aarch64-windows/uxtheme.dll	655360	bf7e4247d24fa93cab2775732771111eac501f6d8ecff364f173619503c5b3fd	wine-build	build-macos/dlls/uxtheme/aarch64-windows/uxtheme.dll	P2
resource	Runtime/aarch64-windows/vbscript.dll	1048576	9d1707058e5f1606e5faea188384eeca0611a0822ebc8e8615352ba96ff59944	wine-build	build-macos/dlls/vbscript/aarch64-windows/vbscript.dll	P2
resource	Runtime/aarch64-windows/vcruntime140.dll	458752	93ace9143b7642b67a7cbc71937e2710f56643634d3d8998054d182ceb8daa3f	wine-build	build-macos/dlls/vcruntime140/aarch64-windows/vcruntime140.dll	P2
resource	Runtime/aarch64-windows/version.dll	524288	3e887a0e8f0f6977308ad61f873739ae338393dad854f5ef859fb1ed6a75f56f	wine-build	build-macos/dlls/version/aarch64-windows/version.dll	P2
resource	Runtime/aarch64-windows/wevtapi.dll	458752	7b60c85f490a46f4417d64b84036fe6ef88dfa81804eeb5d9178d42acde5ef55	wine-build	build-macos/dlls/wevtapi/aarch64-windows/wevtapi.dll	P2
resource	Runtime/aarch64-windows/win32u.dll	786432	f4f04e251d48d70098647deae423fe956a354cc4f1d2f1509a60f4384a94f7ef	wine-build	build-macos/dlls/win32u/aarch64-windows/win32u.dll	P2
resource	Runtime/aarch64-windows/windows.gaming.input.dll	655360	de9f1b92159013b9093290d2376f7fa6cfda43a7d8250104f47c56f528b9a69b	wine-build	build-macos/dlls/windows.gaming.input/aarch64-windows/windows.gaming.input.dll	P2
resource	Runtime/aarch64-windows/windows.ui.dll	589824	c479576490cd39f456f8fa61e92fef96fab1d55f89143e96f073c43f43ebb7d6	wine-build	build-macos/dlls/windows.ui/aarch64-windows/windows.ui.dll	P2
resource	Runtime/aarch64-windows/windowscodecs.dll	2162688	b7cb3b98bd37a7f6668092fb91ec41e88ffabcb3cd4629a54f765904bd4754f7	wine-build	build-macos/dlls/windowscodecs/aarch64-windows/windowscodecs.dll	P2
resource	Runtime/aarch64-windows/wineboot.exe	720896	5421218e951c7da88579b0a4488b5b24a5218db846846aa3ad7a94a7f6f9b90b	wine-build	build-macos/programs/wineboot/aarch64-windows/wineboot.exe	P2
resource	Runtime/aarch64-windows/winecfg.exe	1376256	a420d09ff86e50a5fbd6b1421d5ef22431fb8366e6f2691e093be6de04b451fe	wine-build	build-macos/programs/winecfg/aarch64-windows/winecfg.exe	P2
resource	Runtime/aarch64-windows/wined3d.dll	4653056	ddf4e1eeb618b9d32afd79721c45c3987bf6bf38fd102ee29498e75bf650f90c	wine-build	build-macos/dlls/wined3d/aarch64-windows/wined3d.dll	P2
resource	Runtime/aarch64-windows/winemetal.dll	69632	289e4aa2f5fbb03936dec2d62445cd5ed1f485db1fadf3133aff4dfdf1ab1b1e	dxmt-pe	aarch64-windows/winemetal.dll	P5-dxmt-pe
resource	Runtime/aarch64-windows/winemine.exe	655360	e948186fc70e990285247d1645afcadd427c882f0c453a13f4b15503769ec691	wine-build	build-macos/programs/winemine/aarch64-windows/winemine.exe	P2
resource	Runtime/aarch64-windows/winhttp.dll	851968	774f48e3c3fbb8aafa3bc1d8ef09d2d56a244e3261c07e55561536dfca31e0e4	wine-build	build-macos/dlls/winhttp/aarch64-windows/winhttp.dll	P2
resource	Runtime/aarch64-windows/wininet.dll	1048576	426c4186726a82680be57bdabaae98650acd2dca4b50602a2c5fee4bee4ce885	wine-build	build-macos/dlls/wininet/aarch64-windows/wininet.dll	P2
resource	Runtime/aarch64-windows/winmm.dll	1179648	39c50c871363663069bd0b114ee31e8c9f04cde0b8e7c97f90b04176a2c01feb	wine-build	build-macos/dlls/winmm/aarch64-windows/winmm.dll	P2
resource	Runtime/aarch64-windows/wintrust.dll	589824	ac6ca5396cea5494d3f19b780ecaf8d945577996260f8d9c91f2b00666bd7795	wine-build	build-macos/dlls/wintrust/aarch64-windows/wintrust.dll	P2
resource	Runtime/aarch64-windows/winusb.dll	458752	4dd34f8d7e7fd217263aaa9918374e691685a76b5caa387e860b46911b721fbe	wine-build	build-macos/dlls/winusb/aarch64-windows/winusb.dll	P2
resource	Runtime/aarch64-windows/wlanapi.dll	458752	39e2690beaba427d0f556e18bce40758e187d1bb50fbb9cce6b30a3370e5b41b	wine-build	build-macos/dlls/wlanapi/aarch64-windows/wlanapi.dll	P2
resource	Runtime/aarch64-windows/wow64.dll	524288	1c29afc3f0ff18f9c5956407dc6eb46d8a94da3840b9a4959ff5fbb405b52cc1	wine-build	build-macos/dlls/wow64/aarch64-windows/wow64.dll	P2
resource	Runtime/aarch64-windows/wow64win.dll	917504	20e06118111fa810861acfafcca0e4a264d133add675e3fe3c3439c948ff2b83	wine-build	build-macos/dlls/wow64win/aarch64-windows/wow64win.dll	P2
resource	Runtime/aarch64-windows/ws2_32.dll	589824	5e72ad97ff013b2697fce438c2a3af1f1783ddc94386c9c4f8083600d4ca3cbe	wine-build	build-macos/dlls/ws2_32/aarch64-windows/ws2_32.dll	P2
resource	Runtime/aarch64-windows/wsock32.dll	524288	f95d62eaff5bf9d23ca25f2659fc50c331ddc7de3b65666952198d6895411c7f	wine-build	build-macos/dlls/wsock32/aarch64-windows/wsock32.dll	P2
resource	Runtime/aarch64-windows/wtsapi32.dll	458752	d7526b794846a94f2cb9a131e3ade61d59fd837e14d2bfa7c31540ca07052281	wine-build	build-macos/dlls/wtsapi32/aarch64-windows/wtsapi32.dll	P2
resource	Runtime/i386-windows/acledit.dll	32768	35cdb5bbdb97fd3e31a8392726a0f54c7cbd3da87ba55d070435905f3093a6d4	wine-build	build-macos/dlls/acledit/i386-windows/acledit.dll	P2
resource	Runtime/i386-windows/aclui.dll	69632	ae603dad99de62fcf877cb49a85926c691dacd937eaa85bd76a4e24b9b356195	wine-build	build-macos/dlls/aclui/i386-windows/aclui.dll	P2
resource	Runtime/i386-windows/activeds.dll	245760	2c72cb8b2b8f73064fe65ffe63a2dbf50747807abaf8b060b52fabeed5a3b7f5	wine-build	build-macos/dlls/activeds/i386-windows/activeds.dll	P2
resource	Runtime/i386-windows/actxprxy.dll	364544	0f4e1f7e6283d884a83e3cc119274fd08d061cf672f02349652918bbf1ce08d1	wine-build	build-macos/dlls/actxprxy/i386-windows/actxprxy.dll	P2
resource	Runtime/i386-windows/adsldp.dll	118784	3a33f6b5717ac16c4d87faf61471354806d8180632732ed04c675b1a1fb76924	wine-build	build-macos/dlls/adsldp/i386-windows/adsldp.dll	P2
resource	Runtime/i386-windows/adsldpc.dll	81920	a38345357d788ac7838a70ac9d36840b130bbabcf1efbe25f46ca5fdb5861b98	wine-build	build-macos/dlls/adsldpc/i386-windows/adsldpc.dll	P2
resource	Runtime/i386-windows/advapi32.dll	360448	b47bd957cef8e4180bcbae38785da617e92dfe64ecb91828046f3cd8d70fceb5	wine-build	build-macos/dlls/advapi32/i386-windows/advapi32.dll	P2
resource	Runtime/i386-windows/advpack.dll	90112	0efbf6479e3e37ff3ae0f99069fd0ae929060840743df7ea014c0e61b428e67e	wine-build	build-macos/dlls/advpack/i386-windows/advpack.dll	P2
resource	Runtime/i386-windows/amsi.dll	36864	15b4bb497231763527c95927ed5929c93e6e676b0fc6daf7e2079c9a62d46090	wine-build	build-macos/dlls/amsi/i386-windows/amsi.dll	P2
resource	Runtime/i386-windows/amstream.dll	409600	f2c62adafe8aa58f2b1a24b6749360713e01897c46a75c2f2a3affe5fce01c9e	wine-build	build-macos/dlls/amstream/i386-windows/amstream.dll	P2
resource	Runtime/i386-windows/apisetschema.dll	90112	cbfe03b2a3f4e899329cdc3b8dee728964f017f91e5e4ab294100de33125127e	wine-build	build-macos/dlls/apisetschema/i386-windows/apisetschema.dll	P2
resource	Runtime/i386-windows/apphelp.dll	81920	e575ae273f54eea507ecb5eb1638a772ebc086094fbaef486e406c22b1a635f0	wine-build	build-macos/dlls/apphelp/i386-windows/apphelp.dll	P2
resource	Runtime/i386-windows/appxdeploymentclient.dll	139264	e7cd1229ba66c14c24fcc53475d6544952a071d9d79e5d90152cbca5a42c210f	wine-build	build-macos/dlls/appxdeploymentclient/i386-windows/appxdeploymentclient.dll	P2
resource	Runtime/i386-windows/atl.dll	294912	17885eaf3a74a607a0a8bc546b333b7238c26fea0752450c376e5d852dbe13b4	wine-build	build-macos/dlls/atl/i386-windows/atl.dll	P2
resource	Runtime/i386-windows/atl100.dll	286720	34f28259b5d4524e9ba3531edd83fc0c2774e569a9b3cc5b58c357df98c839dd	wine-build	build-macos/dlls/atl100/i386-windows/atl100.dll	P2
resource	Runtime/i386-windows/atl110.dll	286720	077abab581566fbc5910530b242b0b73c7fbaf410353f58dc7767faec709af29	wine-build	build-macos/dlls/atl110/i386-windows/atl110.dll	P2
resource	Runtime/i386-windows/atl80.dll	290816	f1790154606804cf50a2678af376d1058610add25bb705f20b4673898575d8eb	wine-build	build-macos/dlls/atl80/i386-windows/atl80.dll	P2
resource	Runtime/i386-windows/atl90.dll	290816	6672beea67bbd3779acf463964fa55635b6c4dd1fbb7a085303d85c3b6fb1006	wine-build	build-macos/dlls/atl90/i386-windows/atl90.dll	P2
resource	Runtime/i386-windows/atlthunk.dll	32768	2b4a166bfad28d5642b4975d3ef954917ef060d2ce290d483d7a7f554dc508ed	wine-build	build-macos/dlls/atlthunk/i386-windows/atlthunk.dll	P2
resource	Runtime/i386-windows/atmlib.dll	49152	ed7a1cce3f39f935cbbd13251a4ad396bd52a422046a038d2411429163795b0a	wine-build	build-macos/dlls/atmlib/i386-windows/atmlib.dll	P2
resource	Runtime/i386-windows/authz.dll	45056	c386512be32dd51fbfa038bf41766f41ae93c32dbbc9da82df600500976aac7c	wine-build	build-macos/dlls/authz/i386-windows/authz.dll	P2
resource	Runtime/i386-windows/avicap32.dll	36864	72559c1d50f8f29a8ef7299f29a27e2c49ac7bb81998d4acc54ddd56fa08bdfe	wine-build	build-macos/dlls/avicap32/i386-windows/avicap32.dll	P2
resource	Runtime/i386-windows/avifil32.dll	401408	a379d37cda82aa5cfdedfa31d426a2cc2f7487666372ad9d35dc70bea0ec82ce	wine-build	build-macos/dlls/avifil32/i386-windows/avifil32.dll	P2
resource	Runtime/i386-windows/avrt.dll	36864	f2d0614b7d99a17b297464e85d7700cdd6b607c67256e3275220b251a7fc8bda	wine-build	build-macos/dlls/avrt/i386-windows/avrt.dll	P2
resource	Runtime/i386-windows/bcp47langs.dll	53248	1cb82bb0830cd0acce9285eb5bd9f575d6fb2512695aabd8e698397b6cd0f93d	wine-build	build-macos/dlls/bcp47langs/i386-windows/bcp47langs.dll	P2
resource	Runtime/i386-windows/bcrypt.dll	430080	fef396d7f9e148cedc43d80cf033a7316460f6ef6f9071f7123a32981fd90bf1	wine-build	build-macos/dlls/bcrypt/i386-windows/bcrypt.dll	P2
resource	Runtime/i386-windows/bcryptprimitives.dll	28672	eefbb124eeaba8fd9af9fd9745d46fd2d7725b4ec47cd77204e94820227062e5	wine-build	build-macos/dlls/bcryptprimitives/i386-windows/bcryptprimitives.dll	P2
resource	Runtime/i386-windows/bluetoothapis.dll	90112	d45842911dbe516b1ccae8214f1738f7e856a0194a2d5bc61d846312c21b230c	wine-build	build-macos/dlls/bluetoothapis/i386-windows/bluetoothapis.dll	P2
resource	Runtime/i386-windows/browseui.dll	262144	425c383f179574a4c4350e4321a23ad694e2254f67a9760f653c07dea97d8473	wine-build	build-macos/dlls/browseui/i386-windows/browseui.dll	P2
resource	Runtime/i386-windows/cabinet.dll	131072	3bee2e4bedd60348200d7cccb29e868115e4bc083095ef903c4898b8a93fcb6b	wine-build	build-macos/dlls/cabinet/i386-windows/cabinet.dll	P2
resource	Runtime/i386-windows/cards.dll	290816	e3424b33940b2b8c3095197812981af8f9e1f8edcb45873694d79ac683807879	wine-build	build-macos/dlls/cards/i386-windows/cards.dll	P2
resource	Runtime/i386-windows/cdosys.dll	36864	354405abe0f23b803ebcfc8105ebda5c1efd283d662d930f9f8b343afcd3508d	wine-build	build-macos/dlls/cdosys/i386-windows/cdosys.dll	P2
resource	Runtime/i386-windows/cfgmgr32.dll	208896	e10b09d4743ad00163b5a03dc2cf6a96b781e906cff3733c2a3491500f9c514d	wine-build	build-macos/dlls/cfgmgr32/i386-windows/cfgmgr32.dll	P2
resource	Runtime/i386-windows/chakra.dll	81920	8f3cf5394ba6d55a66602156307addf7a5c63d7a750712f848ba598a4d847890	wine-build	build-macos/dlls/chakra/i386-windows/chakra.dll	P2
resource	Runtime/i386-windows/cldapi.dll	45056	c66aff9798f63929d1cb15187080dbdbebc5c64a8a917fe7cb6cd47b1dac6620	wine-build	build-macos/dlls/cldapi/i386-windows/cldapi.dll	P2
resource	Runtime/i386-windows/clusapi.dll	65536	82562b5238b52962d436ba813a85383e305f046e153977ff2fa4d452a625304d	wine-build	build-macos/dlls/clusapi/i386-windows/clusapi.dll	P2
resource	Runtime/i386-windows/colorcnv.dll	1867776	c0d1c95a7e6a63e7df44df5633bc78cb45d671c982227c38509ae6523df01084	wine-build	build-macos/dlls/colorcnv/i386-windows/colorcnv.dll	P2
resource	Runtime/i386-windows/combase.dll	536576	63879d3e2d8c9cebb3c5f0e8c00fee9f634daf4dbcb959322a46db708645f516	wine-build	build-macos/dlls/combase/i386-windows/combase.dll	P2
resource	Runtime/i386-windows/comcat.dll	32768	bfc994e3fd5b58c777fff00a62a5b6999cf62344a61afcd4de800936f4491b0e	wine-build	build-macos/dlls/comcat/i386-windows/comcat.dll	P2
resource	Runtime/i386-windows/comctl32.dll	1388544	c686ee06cbc3cfe265baa75b7e7ff59d045c532f4f816d9532e156f0e1abea24	wine-build	build-macos/dlls/comctl32/i386-windows/comctl32.dll	P2
resource	Runtime/i386-windows/comctl32_v6.dll	1613824	80446612fa8eaeff9155dda0e9affde2fd1a05bef1adaaae079f828d6eb5b82b	wine-build	build-macos/dlls/comctl32_v6/i386-windows/comctl32_v6.dll	P2
resource	Runtime/i386-windows/comdlg32.dll	1232896	f032884b1e991348f8c8d85df277741f189438ed39fc199665714f208d343e83	wine-build	build-macos/dlls/comdlg32/i386-windows/comdlg32.dll	P2
resource	Runtime/i386-windows/coml2.dll	217088	19307dacbc3924badec7269f6cc70faabd44312bc7b9113ec570fb0bf17c2e35	wine-build	build-macos/dlls/coml2/i386-windows/coml2.dll	P2
resource	Runtime/i386-windows/compstui.dll	57344	2c68cc2db60fcfdc9a0ecfc65163057bdc478131049d779e28327f7ad399fb19	wine-build	build-macos/dlls/compstui/i386-windows/compstui.dll	P2
resource	Runtime/i386-windows/comsvcs.dll	249856	5dfb42a5b8e56a750ac204f33fb6fc9577483e0f260aee682a77eab0a53a6c20	wine-build	build-macos/dlls/comsvcs/i386-windows/comsvcs.dll	P2
resource	Runtime/i386-windows/concrt140.dll	204800	2ae89bf169b7a86e0a4a38e4313a47bf51db374284df5fbd258c1730e79d43f7	wine-build	build-macos/dlls/concrt140/i386-windows/concrt140.dll	P2
resource	Runtime/i386-windows/connect.dll	32768	f07ccdc60e89b0d54b92e1de82fb05346a6485b20cde2b8143712ffd084492e6	wine-build	build-macos/dlls/connect/i386-windows/connect.dll	P2
resource	Runtime/i386-windows/coremessaging.dll	98304	031a9c3056ddc33e42b1a128549136f53379ad2f92c2f8a2ae14a6d13167acac	wine-build	build-macos/dlls/coremessaging/i386-windows/coremessaging.dll	P2
resource	Runtime/i386-windows/credui.dll	167936	fd55f86973f526a9f1d6964b67973955157b3ca0e11d34321b4576357d031980	wine-build	build-macos/dlls/credui/i386-windows/credui.dll	P2
resource	Runtime/i386-windows/crtdll.dll	733184	3d177b0f7299703e5c9b015faea4ae91551f3598d81ccca4c0cacc66cd86968b	wine-build	build-macos/dlls/crtdll/i386-windows/crtdll.dll	P2
resource	Runtime/i386-windows/crypt32.dll	962560	dff97f8e7e00b89c0d401418dfdbfabae4696e59c1f16007cdeecadc3b7a18d6	wine-build	build-macos/dlls/crypt32/i386-windows/crypt32.dll	P2
resource	Runtime/i386-windows/cryptbase.dll	36864	400d4c32c83080ed5223be966a5b4defc68f13238ed805a5b1e4962b2c98090c	wine-build	build-macos/dlls/cryptbase/i386-windows/cryptbase.dll	P2
resource	Runtime/i386-windows/cryptdlg.dll	69632	4bb93ff085756a350bb18920829a03ea1001faa534b43287bf844a72c438b376	wine-build	build-macos/dlls/cryptdlg/i386-windows/cryptdlg.dll	P2
resource	Runtime/i386-windows/cryptdll.dll	28672	013683b3afb410332e529419ee10953366cd32a0d10166c7a4cd6775bf96f447	wine-build	build-macos/dlls/cryptdll/i386-windows/cryptdll.dll	P2
resource	Runtime/i386-windows/cryptext.dll	40960	49835ba3c12b1fb3e2ec1135f98b7063db2e99756a2089ba96b9381009c52c38	wine-build	build-macos/dlls/cryptext/i386-windows/cryptext.dll	P2
resource	Runtime/i386-windows/cryptnet.dll	110592	1e1b49eea67be9f1705e9fd353156bd5d1ef77a08dbcc523d3a01513fdbaa8ec	wine-build	build-macos/dlls/cryptnet/i386-windows/cryptnet.dll	P2
resource	Runtime/i386-windows/cryptowinrt.dll	98304	2b6139c66e79781975ca6256475683c37d360175ab58da2baa2509f924271df6	wine-build	build-macos/dlls/cryptowinrt/i386-windows/cryptowinrt.dll	P2
resource	Runtime/i386-windows/cryptsp.dll	49152	df89864ea14998294f5320a2c57a71fb7adec4ad7c985d25d0c2f4191d6c8980	wine-build	build-macos/dlls/cryptsp/i386-windows/cryptsp.dll	P2
resource	Runtime/i386-windows/cryptui.dll	1257472	b84a916f06bd03f23172d84ba94b25e5b4dcfe85a9988b0ed8b29f5dabc0af0e	wine-build	build-macos/dlls/cryptui/i386-windows/cryptui.dll	P2
resource	Runtime/i386-windows/cryptxml.dll	36864	6ec4c758e38d5b4a2582a3f5d7d49101ff4b89382a185ca98c6fb1971079d719	wine-build	build-macos/dlls/cryptxml/i386-windows/cryptxml.dll	P2
resource	Runtime/i386-windows/ctapi32.dll	32768	361f86106c2bb0789dacad3ec41ebf21ee2f111991687959cec6af706069414c	wine-build	build-macos/dlls/ctapi32/i386-windows/ctapi32.dll	P2
resource	Runtime/i386-windows/ctl3d32.dll	28672	1ec786960d9a22f0eb610f0265556e26007e2e005cc788276cf095c2a2e43f8a	wine-build	build-macos/dlls/ctl3d32/i386-windows/ctl3d32.dll	P2
resource	Runtime/i386-windows/d2d1.dll	815104	09466905a8f1a9ccf46ebe14161fde192897cf1b0a3b2dcfbd6bfe0ae459c08c	wine-build	build-macos/dlls/d2d1/i386-windows/d2d1.dll	P2
resource	Runtime/i386-windows/d3d10.dll	319488	034ad80e1a794339aba9368811eecc712b50b6d5df3a3f0e13de9f4f9848fafb	wine-build	build-macos/dlls/d3d10/i386-windows/d3d10.dll	P2
resource	Runtime/i386-windows/d3d10_1.dll	65536	c0a7e535065fd255159da506013c9c477485dcbb8693ecaaecbf4d48aad23045	wine-build	build-macos/dlls/d3d10_1/i386-windows/d3d10_1.dll	P2
resource	Runtime/i386-windows/d3d10core.dll	53248	217916ed1c4ec63b84c56056059d5cdb14297a0d063e3e544142b3d4691ee136	wine-build	build-macos/dlls/d3d10core/i386-windows/d3d10core.dll	P2
resource	Runtime/i386-windows/d3d11.dll	704512	489399276adf8451b4622e13f2a0ca835aa1a4162586ed6a69843f61338a5c2d	wine-build	build-macos/dlls/d3d11/i386-windows/d3d11.dll	P2
resource	Runtime/i386-windows/d3d12.dll	233472	353dc3f68c00bd1af17a91ba66ca40b91b87501f1e8f70093c0535b2254e0074	wine-build	build-macos/dlls/d3d12/i386-windows/d3d12.dll	P2
resource	Runtime/i386-windows/d3d12core.dll	28672	bde946a2b430a4905052e3256dbe324b579d48ad75903109632f4b7332dd30d1	wine-build	build-macos/dlls/d3d12core/i386-windows/d3d12core.dll	P2
resource	Runtime/i386-windows/d3d8.dll	217088	ef85a790d9ef1410223ade9daaa2dfd97aa3ec48ab33499fdf9f3fc24747ae57	wine-build	build-macos/dlls/d3d8/i386-windows/d3d8.dll	P2
resource	Runtime/i386-windows/d3d8thk.dll	40960	9c2a1aebf31a022fb2cfb43fd8893436f85688f35e5b4dea5c25fb6c1e8249b4	wine-build	build-macos/dlls/d3d8thk/i386-windows/d3d8thk.dll	P2
resource	Runtime/i386-windows/d3d9.dll	286720	3cfd3e545f165c77440d5d56976ed0439ec70b1ae8f4abef72c5359cd0b4ce9c	wine-build	build-macos/dlls/d3d9/i386-windows/d3d9.dll	P2
resource	Runtime/i386-windows/d3dcompiler_33.dll	233472	dfa1fc61166dbfd407c0b8efaf5ac1467d12f4a926998ca1a3ef100fab4520e6	wine-build	build-macos/dlls/d3dcompiler_33/i386-windows/d3dcompiler_33.dll	P2
resource	Runtime/i386-windows/d3dcompiler_34.dll	233472	0939243e55b71b897747a34bc4f8d7fb14b6143e9dd7591b8318098c059e80b9	wine-build	build-macos/dlls/d3dcompiler_34/i386-windows/d3dcompiler_34.dll	P2
resource	Runtime/i386-windows/d3dcompiler_35.dll	233472	ddd0002e474ca8168b35a3b215bba4b5b9dadf9ce6df50693b26e3279191c462	wine-build	build-macos/dlls/d3dcompiler_35/i386-windows/d3dcompiler_35.dll	P2
resource	Runtime/i386-windows/d3dcompiler_36.dll	233472	ff0eeda5f4dfd4c866f111297b531bbd0b83dee16295cd6811bcc15788861266	wine-build	build-macos/dlls/d3dcompiler_36/i386-windows/d3dcompiler_36.dll	P2
resource	Runtime/i386-windows/d3dcompiler_37.dll	233472	c5cc1434d4a12a1db6d8bf0e1aa510924257f595a115114802876bc06adfae25	wine-build	build-macos/dlls/d3dcompiler_37/i386-windows/d3dcompiler_37.dll	P2
resource	Runtime/i386-windows/d3dcompiler_38.dll	233472	bf2687f228b5fa19ed903b199e5b7fa0aaba1c90ba91bf2830e8310cd743db00	wine-build	build-macos/dlls/d3dcompiler_38/i386-windows/d3dcompiler_38.dll	P2
resource	Runtime/i386-windows/d3dcompiler_39.dll	233472	968b553ff07827618d89a3dcc39e84d43d662326dc9b83a0dca8ce098b09008c	wine-build	build-macos/dlls/d3dcompiler_39/i386-windows/d3dcompiler_39.dll	P2
resource	Runtime/i386-windows/d3dcompiler_40.dll	233472	31edb5d144ffbebf37d27e1b7bbdebb27bf7b56aa1c16e5f1a0f9d1a94abbebc	wine-build	build-macos/dlls/d3dcompiler_40/i386-windows/d3dcompiler_40.dll	P2
resource	Runtime/i386-windows/d3dcompiler_41.dll	233472	0147de6dcc810609e69e00dbe73382e45f4f9d6d98cad05ee15f0f1fb31449a2	wine-build	build-macos/dlls/d3dcompiler_41/i386-windows/d3dcompiler_41.dll	P2
resource	Runtime/i386-windows/d3dcompiler_42.dll	233472	45fceac872d3f03e5775f3d2facf25672f4aea6fa07b3a517a2af61858867b21	wine-build	build-macos/dlls/d3dcompiler_42/i386-windows/d3dcompiler_42.dll	P2
resource	Runtime/i386-windows/d3dcompiler_43.dll	241664	e6fec08e49bdd51090cd0b8ee71607086cb85263a322a0f299da93aeff87c395	wine-build	build-macos/dlls/d3dcompiler_43/i386-windows/d3dcompiler_43.dll	P2
resource	Runtime/i386-windows/d3dcompiler_46.dll	233472	425c90e701d3fb36f912ab89e456233453596fd66df47e6ea9acd97535380948	wine-build	build-macos/dlls/d3dcompiler_46/i386-windows/d3dcompiler_46.dll	P2
resource	Runtime/i386-windows/d3dcompiler_47.dll	241664	9b563d958a9803516473fd449e9b1a25edde3d04acb9203b46ee79361e401be9	wine-build	build-macos/dlls/d3dcompiler_47/i386-windows/d3dcompiler_47.dll	P2
resource	Runtime/i386-windows/d3dim.dll	32768	490e8e7463e8ca99259e8a0a5eb00badbbe085d930f9a0cfbd3c22faaf2afd5b	wine-build	build-macos/dlls/d3dim/i386-windows/d3dim.dll	P2
resource	Runtime/i386-windows/d3dim700.dll	32768	d747d8fa1eb15b94e9bcffec23bc914707d1c2d0cf5773646963778f44b1c8ed	wine-build	build-macos/dlls/d3dim700/i386-windows/d3dim700.dll	P2
resource	Runtime/i386-windows/d3drm.dll	434176	da302dd07b6d7419070da1f042ab9de50f16c4bb0f4d62fd4218bae4489d1d52	wine-build	build-macos/dlls/d3drm/i386-windows/d3drm.dll	P2
resource	Runtime/i386-windows/d3dx10_33.dll	45056	8588a24d5755bbbfc170e9ec5df7a5762923b5b34961b0144bd3a3abfb9ac3d6	wine-build	build-macos/dlls/d3dx10_33/i386-windows/d3dx10_33.dll	P2
resource	Runtime/i386-windows/d3dx10_34.dll	45056	fe4c60c274c2ebe2f9a838223512a3cce1f15641c635e56f04cdb97dc70ff57f	wine-build	build-macos/dlls/d3dx10_34/i386-windows/d3dx10_34.dll	P2
resource	Runtime/i386-windows/d3dx10_35.dll	45056	1030f006ae6ee25e9506b8cd1ac46bea8078b5715b97a7ccdf35f33a21c25716	wine-build	build-macos/dlls/d3dx10_35/i386-windows/d3dx10_35.dll	P2
resource	Runtime/i386-windows/d3dx10_36.dll	45056	b913625f2473de1f81019f98570f0baecce3dfb76f742fd93957559732f9952b	wine-build	build-macos/dlls/d3dx10_36/i386-windows/d3dx10_36.dll	P2
resource	Runtime/i386-windows/d3dx10_37.dll	45056	e0dfc6636f3357e00361503bfcb9a615a2b177fe750ed63ec55e4bd8b883e39d	wine-build	build-macos/dlls/d3dx10_37/i386-windows/d3dx10_37.dll	P2
resource	Runtime/i386-windows/d3dx10_38.dll	45056	bab9dad189c62954b6a21f0d6e844730b7faa42e53f6df15f0072a3aa465e064	wine-build	build-macos/dlls/d3dx10_38/i386-windows/d3dx10_38.dll	P2
resource	Runtime/i386-windows/d3dx10_39.dll	45056	ea203e9daf5db62c00927fefc7e226cce5ebad9ff70c71aa0d55c71d839b8749	wine-build	build-macos/dlls/d3dx10_39/i386-windows/d3dx10_39.dll	P2
resource	Runtime/i386-windows/d3dx10_40.dll	45056	7a66033784454e7fa7f642613939f07693dcc5506185a97daf6eae3c8feebd10	wine-build	build-macos/dlls/d3dx10_40/i386-windows/d3dx10_40.dll	P2
resource	Runtime/i386-windows/d3dx10_41.dll	45056	a8d514a4ae99a1bfa634f41ee0a9fbe0e918aaf4c374e057bc258acbfb602434	wine-build	build-macos/dlls/d3dx10_41/i386-windows/d3dx10_41.dll	P2
resource	Runtime/i386-windows/d3dx10_42.dll	45056	6bdd1e93dd0a5cb89865303b5426ae934d411457cd7924fc4816f5d67607e333	wine-build	build-macos/dlls/d3dx10_42/i386-windows/d3dx10_42.dll	P2
resource	Runtime/i386-windows/d3dx10_43.dll	536576	6a174bbf4f80482b9883830794abb360158812d1e77a82da59f5ddbf3b85aa7a	wine-build	build-macos/dlls/d3dx10_43/i386-windows/d3dx10_43.dll	P2
resource	Runtime/i386-windows/d3dx11_42.dll	49152	43eae538ddecdcd9d8914edd4b1e1182c9932eb5688a5b5f94085d32da63ae73	wine-build	build-macos/dlls/d3dx11_42/i386-windows/d3dx11_42.dll	P2
resource	Runtime/i386-windows/d3dx11_43.dll	159744	7a8bdbc41ff2f4affb4721d19e29d3e65f05e778e7f07961ab0df1286ee5e4c2	wine-build	build-macos/dlls/d3dx11_43/i386-windows/d3dx11_43.dll	P2
resource	Runtime/i386-windows/d3dx9_24.dll	856064	b3ea8bfe25c2797cd3c4791bf472f81b9a834f6407a95bcfa904dac35e6b527b	wine-build	build-macos/dlls/d3dx9_24/i386-windows/d3dx9_24.dll	P2
resource	Runtime/i386-windows/d3dx9_25.dll	856064	d7d4f5517662dcc18d790d26df9be1dce2c3ba99db2e94787dd6ec8fdb45b524	wine-build	build-macos/dlls/d3dx9_25/i386-windows/d3dx9_25.dll	P2
resource	Runtime/i386-windows/d3dx9_26.dll	860160	b1717322d8160abd26922ddfcffafd321eb1ecd8db03ee8b76bf3d728f10cb79	wine-build	build-macos/dlls/d3dx9_26/i386-windows/d3dx9_26.dll	P2
resource	Runtime/i386-windows/d3dx9_27.dll	864256	ec608d0e0f6e9dbed999ab4a71bec92cd9b93ba2ee7277d77738bac82a7b937a	wine-build	build-macos/dlls/d3dx9_27/i386-windows/d3dx9_27.dll	P2
resource	Runtime/i386-windows/d3dx9_28.dll	864256	1665a1c8de243380b89f33ea152eb0cc04c7cfad2208c226893a727eee6afd1b	wine-build	build-macos/dlls/d3dx9_28/i386-windows/d3dx9_28.dll	P2
resource	Runtime/i386-windows/d3dx9_29.dll	864256	d58b7d580af91551f9d0796a8223f9b2e6f6bab08b5f5882ffa64c026a16a36a	wine-build	build-macos/dlls/d3dx9_29/i386-windows/d3dx9_29.dll	P2
resource	Runtime/i386-windows/d3dx9_30.dll	864256	02ef00f3a71c42886397c7e104a9420bfe2c1b304574f6cc461bf8744f4178be	wine-build	build-macos/dlls/d3dx9_30/i386-windows/d3dx9_30.dll	P2
resource	Runtime/i386-windows/d3dx9_31.dll	864256	43a5bb03c78d2e820ac83aca451c92d02cc3ee72c812ac4d942f14cb151615e6	wine-build	build-macos/dlls/d3dx9_31/i386-windows/d3dx9_31.dll	P2
resource	Runtime/i386-windows/d3dx9_32.dll	864256	c2775d23fdaf5ccff82b1851a81a198e49bca90e0ef947dfc7514487952acb6d	wine-build	build-macos/dlls/d3dx9_32/i386-windows/d3dx9_32.dll	P2
resource	Runtime/i386-windows/d3dx9_33.dll	864256	b3cb04b3a62a5e39b0347d14904373db3069eb16a0941ba31afd3d2b4943943b	wine-build	build-macos/dlls/d3dx9_33/i386-windows/d3dx9_33.dll	P2
resource	Runtime/i386-windows/d3dx9_34.dll	864256	31747877e86d7bf3d6104a368e5dc502619eb6ed27035e6a052ff3f8b29c448e	wine-build	build-macos/dlls/d3dx9_34/i386-windows/d3dx9_34.dll	P2
resource	Runtime/i386-windows/d3dx9_35.dll	864256	7a64e401f3fdbb9ea509e8119e617a46c66eeb094490715d41299cc0fcd391b3	wine-build	build-macos/dlls/d3dx9_35/i386-windows/d3dx9_35.dll	P2
resource	Runtime/i386-windows/d3dx9_36.dll	864256	7df266e434238056dbb9eb138de34fcd2b435f936132cb785d2105e2de411003	wine-build	build-macos/dlls/d3dx9_36/i386-windows/d3dx9_36.dll	P2
resource	Runtime/i386-windows/d3dx9_37.dll	864256	6a9dc53fc21cff483a68352923bc15c66173b8bb1304f49013f85ae66c4b02c1	wine-build	build-macos/dlls/d3dx9_37/i386-windows/d3dx9_37.dll	P2
resource	Runtime/i386-windows/d3dx9_38.dll	864256	2718d1284fe48528736613607da85362ce6eba5a3c8b8e637cfada18c3b92cb4	wine-build	build-macos/dlls/d3dx9_38/i386-windows/d3dx9_38.dll	P2
resource	Runtime/i386-windows/d3dx9_39.dll	864256	29d1fe81b2e7f13dbca5713374921093489d98a39b9985ba939f020cde1d2605	wine-build	build-macos/dlls/d3dx9_39/i386-windows/d3dx9_39.dll	P2
resource	Runtime/i386-windows/d3dx9_40.dll	864256	9c30fc09f57cfd5e576274fc41673230da992257e5b5001d8eb82c3449ea2218	wine-build	build-macos/dlls/d3dx9_40/i386-windows/d3dx9_40.dll	P2
resource	Runtime/i386-windows/d3dx9_41.dll	864256	5b1c3bcb0cb0409e2419fc93bd416e09fdefceb0c8899474533ce8efdc16f67e	wine-build	build-macos/dlls/d3dx9_41/i386-windows/d3dx9_41.dll	P2
resource	Runtime/i386-windows/d3dx9_42.dll	864256	9ca83d1241dab109179c2e8ca24338575dc8e2791a4cc938f7591777c886ba19	wine-build	build-macos/dlls/d3dx9_42/i386-windows/d3dx9_42.dll	P2
resource	Runtime/i386-windows/d3dx9_43.dll	864256	c1312b93e095583b5b0af0a04d38b7e25848f73b06a4049e48032e2c944383ab	wine-build	build-macos/dlls/d3dx9_43/i386-windows/d3dx9_43.dll	P2
resource	Runtime/i386-windows/d3dxof.dll	290816	26f15e3e53abb0b18074bd8ee067a52dd8960d610d24605d03f0be953f54f3d8	wine-build	build-macos/dlls/d3dxof/i386-windows/d3dxof.dll	P2
resource	Runtime/i386-windows/dataexchange.dll	106496	6bc3392d2e03d639e2268bf37781a63f00035ce8b30d3ab86c8f4010b74b1db0	wine-build	build-macos/dlls/dataexchange/i386-windows/dataexchange.dll	P2
resource	Runtime/i386-windows/davclnt.dll	36864	55d6c42fa868c232dbdc0d11fab0ebe6df39ee45e73b455c1dd608af9edf8519	wine-build	build-macos/dlls/davclnt/i386-windows/davclnt.dll	P2
resource	Runtime/i386-windows/dbgeng.dll	196608	ecbb027d6db690a50c4f7810d70660ab3c092a626d1ac1a345ee5e69400aae6b	wine-build	build-macos/dlls/dbgeng/i386-windows/dbgeng.dll	P2
resource	Runtime/i386-windows/dbghelp.dll	618496	5d7f889ec6c2416f299a9ee07b7ac5aced14dba08992799b7d5d274a97bd3f8c	wine-build	build-macos/dlls/dbghelp/i386-windows/dbghelp.dll	P2
resource	Runtime/i386-windows/dciman32.dll	36864	184384e17c5ce5781c4e38b650a74729fd72a6b6fe7997450922407085b4da86	wine-build	build-macos/dlls/dciman32/i386-windows/dciman32.dll	P2
resource	Runtime/i386-windows/dcomp.dll	40960	48e275027e4d31ca53db242f3d965475ae8268ae772c3b5fcf4937eeeadd1e7f	wine-build	build-macos/dlls/dcomp/i386-windows/dcomp.dll	P2
resource	Runtime/i386-windows/ddraw.dll	700416	3281fc8017f7fe8397393ec887eef70cd9364f72fe86ccf4bcfd6af4f79a69c0	wine-build	build-macos/dlls/ddraw/i386-windows/ddraw.dll	P2
resource	Runtime/i386-windows/ddrawex.dll	311296	5ddcd758db876e2519ee0b4894880503b90880232e19e1aff293b18ee7b714b7	wine-build	build-macos/dlls/ddrawex/i386-windows/ddrawex.dll	P2
resource	Runtime/i386-windows/devenum.dll	299008	ef1520f7e3af7307505aa95e21318b70758ca3cb5c6066e41a1bbe69c879bf95	wine-build	build-macos/dlls/devenum/i386-windows/devenum.dll	P2
resource	Runtime/i386-windows/dhcpcsvc.dll	49152	79735e4ebce08e04fdaeabb2b528dd353de4ddf1c2f5f0208628960cb488be0e	wine-build	build-macos/dlls/dhcpcsvc/i386-windows/dhcpcsvc.dll	P2
resource	Runtime/i386-windows/dhcpcsvc6.dll	32768	a61a464434824b75247ed7059f490736ee72db2d6b3b4bb344dfc92c433c716f	wine-build	build-macos/dlls/dhcpcsvc6/i386-windows/dhcpcsvc6.dll	P2
resource	Runtime/i386-windows/diasymreader.dll	241664	a25d9219d2843dd8060d85072f36862584e3e31cbe0a3a2a56ae76fd68865d6f	wine-build	build-macos/dlls/diasymreader/i386-windows/diasymreader.dll	P2
resource	Runtime/i386-windows/difxapi.dll	36864	4293266aa9835c09fe861085613a63088f2b4adb99d8746764bd2233c3034679	wine-build	build-macos/dlls/difxapi/i386-windows/difxapi.dll	P2
resource	Runtime/i386-windows/dinput.dll	466944	d1cb743307767ae548446e790517c388328790c47293057d564dc4174eef77a7	wine-build	build-macos/dlls/dinput/i386-windows/dinput.dll	P2
resource	Runtime/i386-windows/dinput8.dll	466944	07399227b8826ec440c1ff30786636c4ed3c024be22276f88f2618ac10b6ee1f	wine-build	build-macos/dlls/dinput8/i386-windows/dinput8.dll	P2
resource	Runtime/i386-windows/directmanipulation.dll	237568	da0a0c8467ece7ec9d255baec5bb32a52e4b3e12962d9b9c2f29b8b053d5f1f9	wine-build	build-macos/dlls/directmanipulation/i386-windows/directmanipulation.dll	P2
resource	Runtime/i386-windows/dispex.dll	217088	0e63989435c34f1b08e8fb332967e5f07a8ba49ca8ec0121a88dc4cb4a92a53c	wine-build	build-macos/dlls/dispex/i386-windows/dispex.dll	P2
resource	Runtime/i386-windows/dmband.dll	122880	e95b050323765055cdb71c5010fbd0955884868c73c37ef0340ece1a3be13e90	wine-build	build-macos/dlls/dmband/i386-windows/dmband.dll	P2
resource	Runtime/i386-windows/dmcompos.dll	290816	3c2728431c4a0842c025f59d0eadf0c45c8137f5506d264471b61bebe5c04799	wine-build	build-macos/dlls/dmcompos/i386-windows/dmcompos.dll	P2
resource	Runtime/i386-windows/dmime.dll	479232	4eb1cce72df1e3f199feb7e08e156e296fb1f252952e64a21cb8ac40af9a086e	wine-build	build-macos/dlls/dmime/i386-windows/dmime.dll	P2
resource	Runtime/i386-windows/dmloader.dll	319488	62e4964f87571a282d319f317d8dabbf7659255ca04d97cbe7bb65987af8901d	wine-build	build-macos/dlls/dmloader/i386-windows/dmloader.dll	P2
resource	Runtime/i386-windows/dmscript.dll	290816	ed20c1f407a6406222def253509ca0612a2b668e33ff9abc618c656523d7dbff	wine-build	build-macos/dlls/dmscript/i386-windows/dmscript.dll	P2
resource	Runtime/i386-windows/dmstyle.dll	335872	be4145dd12615d00ca7295b416f173c9ee27ece8cf51da905eaf1f04f0d293c2	wine-build	build-macos/dlls/dmstyle/i386-windows/dmstyle.dll	P2
resource	Runtime/i386-windows/dmsynth.dll	757760	7d135d999877da3d5902d298c65e653c60b43a64e912819912a8bb06edae67f0	wine-build	build-macos/dlls/dmsynth/i386-windows/dmsynth.dll	P2
resource	Runtime/i386-windows/dmusic.dll	380928	65d62303dae7501f0b6685027b7a9d087babdcc5c7930f54aa6844bc19b02df3	wine-build	build-macos/dlls/dmusic/i386-windows/dmusic.dll	P2
resource	Runtime/i386-windows/dmusic32.dll	32768	3c08c383d6b78448f80a58cb1625dacf74d71e566b0c0ecd2b5159f9e3d2357c	wine-build	build-macos/dlls/dmusic32/i386-windows/dmusic32.dll	P2
resource	Runtime/i386-windows/dnsapi.dll	131072	9086140a02b6227071d2be5f84ec098560f6d61ec26511fb05e007067fa2fc3c	wine-build	build-macos/dlls/dnsapi/i386-windows/dnsapi.dll	P2
resource	Runtime/i386-windows/dplay.dll	24576	b11e5d972e3f9ba8c81283b4422dbce1c6ac2e0ca47bd23fbfdb2cf8852aee0d	wine-build	build-macos/dlls/dplay/i386-windows/dplay.dll	P2
resource	Runtime/i386-windows/dplayx.dll	409600	5dfb3c3016adf640bfca8a1ba2c2f7a797bf2a03a4e2487fd725a7afde8d27b5	wine-build	build-macos/dlls/dplayx/i386-windows/dplayx.dll	P2
resource	Runtime/i386-windows/dpnaddr.dll	24576	22f293826da40dd97258db9148e886e1c469f733e3b57d263ad8799896d74ea9	wine-build	build-macos/dlls/dpnaddr/i386-windows/dpnaddr.dll	P2
resource	Runtime/i386-windows/dpnet.dll	278528	993d3b63c186c16596a666279bc31364fee1472c56e9016ae5d9ebab0591cf27	wine-build	build-macos/dlls/dpnet/i386-windows/dpnet.dll	P2
resource	Runtime/i386-windows/dpnhpast.dll	36864	ca21149dd945fef46daa4a0c18ed14462fbc7b1c2eb7a9345f0c4eacd96080d3	wine-build	build-macos/dlls/dpnhpast/i386-windows/dpnhpast.dll	P2
resource	Runtime/i386-windows/dpnhupnp.dll	40960	b43a5ac5ef71bc7c50ecc696830f2d10660ae3bb2cf4214798d29a6008f6914b	wine-build	build-macos/dlls/dpnhupnp/i386-windows/dpnhupnp.dll	P2
resource	Runtime/i386-windows/dpnlobby.dll	24576	b7d0817c0b5371f06bdd079404d2a596f4b2f1bd7db0d839d84bbe3d128031c0	wine-build	build-macos/dlls/dpnlobby/i386-windows/dpnlobby.dll	P2
resource	Runtime/i386-windows/dpvoice.dll	221184	57397793fd63795749e7c619652a53ee3dd4d892e61d42939b64769df692bde4	wine-build	build-macos/dlls/dpvoice/i386-windows/dpvoice.dll	P2
resource	Runtime/i386-windows/dpwsockx.dll	77824	c7ce43ee6c48b72cc9fb06491a91448d3f0fac9a5772c15650d17f5c0ead5061	wine-build	build-macos/dlls/dpwsockx/i386-windows/dpwsockx.dll	P2
resource	Runtime/i386-windows/drmclien.dll	32768	20f503da00e89317cf45f6705d2f0217aa318d70da4107686fe2df81dc651209	wine-build	build-macos/dlls/drmclien/i386-windows/drmclien.dll	P2
resource	Runtime/i386-windows/dsdmo.dll	290816	ddcecce380c856151d4ec9966370f1f861fcb508fc78976402ea759cd8984ac2	wine-build	build-macos/dlls/dsdmo/i386-windows/dsdmo.dll	P2
resource	Runtime/i386-windows/dsound.dll	491520	37b4d7153bb0f6edeb4a5db1219a4dbc2d84d68ecfa7b7e86799c80675f86c89	wine-build	build-macos/dlls/dsound/i386-windows/dsound.dll	P2
resource	Runtime/i386-windows/dsquery.dll	217088	3cb589a525e1f7f880b8734d8b366a503e7f10eaac8297475817ca8f41ee2033	wine-build	build-macos/dlls/dsquery/i386-windows/dsquery.dll	P2
resource	Runtime/i386-windows/dsrole.dll	28672	1f003176c3a89f39add5de1dc8b19e915cc6812cb432427c2535b70e77059698	wine-build	build-macos/dlls/dsrole/i386-windows/dsrole.dll	P2
resource	Runtime/i386-windows/dssenh.dll	155648	88010e7880aefc2cad782a7ea69bdaa65093bb83856f5468a9383953a872355d	wine-build	build-macos/dlls/dssenh/i386-windows/dssenh.dll	P2
resource	Runtime/i386-windows/dsuiext.dll	217088	59729a41428cc61ed5dc93f56f5a04b45676b2f1964d33981509ffb6bf4c7b06	wine-build	build-macos/dlls/dsuiext/i386-windows/dsuiext.dll	P2
resource	Runtime/i386-windows/dswave.dll	270336	06628ed5a0c836078c21eb073083af2f70bb646317bb23209e0e42b13e46f4a8	wine-build	build-macos/dlls/dswave/i386-windows/dswave.dll	P2
resource	Runtime/i386-windows/dwmapi.dll	61440	d0616bbb08fd84de30e8624c230ed276a5ef027b3bbfc8600e8822db1d851146	wine-build	build-macos/dlls/dwmapi/i386-windows/dwmapi.dll	P2
resource	Runtime/i386-windows/dwrite.dll	585728	89e016f1747ea26a9c9dbfe3652739d0d286fd16b7bd891f963a3d48a63865d5	wine-build	build-macos/dlls/dwrite/i386-windows/dwrite.dll	P2
resource	Runtime/i386-windows/dx8vb.dll	253952	e242a140f4922498966703a843c1f245a5d33009e64f7fefd4b51d3bb0537409	wine-build	build-macos/dlls/dx8vb/i386-windows/dx8vb.dll	P2
resource	Runtime/i386-windows/dxcore.dll	53248	994ca49070e06d10d897c20be0279ef63ea905284b37fa36bdb025b7ff7f8c46	wine-build	build-macos/dlls/dxcore/i386-windows/dxcore.dll	P2
resource	Runtime/i386-windows/dxdiagn.dll	163840	94c57f26c668da8d8ed6eccabdf3c06366720e03a5699d043f279c5e8855d767	wine-build	build-macos/dlls/dxdiagn/i386-windows/dxdiagn.dll	P2
resource	Runtime/i386-windows/dxgi.dll	413696	996a869c7b806a89b53159b47ca05318e01f56b6332025fd5c8eaca74e0117d8	wine-build	build-macos/dlls/dxgi/i386-windows/dxgi.dll	P2
resource	Runtime/i386-windows/dxtrans.dll	36864	4f96fe31a1ca0c70e3f470db9565a554231765029662555198045d6c923c4201	wine-build	build-macos/dlls/dxtrans/i386-windows/dxtrans.dll	P2
resource	Runtime/i386-windows/dxva2.dll	237568	cfd84f30f72fc5746dacd2974905a0738b8388e739deee44b630e1a8486607ab	wine-build	build-macos/dlls/dxva2/i386-windows/dxva2.dll	P2
resource	Runtime/i386-windows/esent.dll	131072	0bef9f60cc1b4d8a36c1de25f6fbbc16070ac3b9e1d950a1f988a4ba287adc41	wine-build	build-macos/dlls/esent/i386-windows/esent.dll	P2
resource	Runtime/i386-windows/evr.dll	565248	a67f72ce7fa6eb64142f9d6ae8f2d564d559a98df12a95d446e0d768357a8023	wine-build	build-macos/dlls/evr/i386-windows/evr.dll	P2
resource	Runtime/i386-windows/explorerframe.dll	245760	cae0bffeced7c3755c34fda95f4a3daec48ca5ac3f9f238a6b1dd198e60a22bc	wine-build	build-macos/dlls/explorerframe/i386-windows/explorerframe.dll	P2
resource	Runtime/i386-windows/faultrep.dll	36864	39855661fa1eaaaf6ef57d59b41531ce7b4b046239825cb64d8eda0c6e3aedec	wine-build	build-macos/dlls/faultrep/i386-windows/faultrep.dll	P2
resource	Runtime/i386-windows/feclient.dll	36864	f701cc086e9520337fbcf2ff71bee0a849db9f2b251bc7a4bba74671de565629	wine-build	build-macos/dlls/feclient/i386-windows/feclient.dll	P2
resource	Runtime/i386-windows/fltlib.dll	45056	0d30b14d0bcc5726a709799d484e2ecb6d74ba3a95f2819b4d8008f42428ac7e	wine-build	build-macos/dlls/fltlib/i386-windows/fltlib.dll	P2
resource	Runtime/i386-windows/fntcache.dll	36864	40e0ae10f9f2703842fcc0da6f880893af0b35fb6a1e750cea4a22e0ad2a4be9	wine-build	build-macos/dlls/fntcache/i386-windows/fntcache.dll	P2
resource	Runtime/i386-windows/fontsub.dll	28672	f4ba439224c1dc77e1d5f2333a3edc0a731039fc682d84d66399cdda50a6e7c3	wine-build	build-macos/dlls/fontsub/i386-windows/fontsub.dll	P2
resource	Runtime/i386-windows/fusion.dll	90112	524c21896ae0db6473c506c54de540d35136e22cad3de71bb63c7e9f5ab3c55d	wine-build	build-macos/dlls/fusion/i386-windows/fusion.dll	P2
resource	Runtime/i386-windows/fwpuclnt.dll	81920	afb4659dd0898146d3db10bf0773332b2784beae92cdfb68ff14855c2907fb9d	wine-build	build-macos/dlls/fwpuclnt/i386-windows/fwpuclnt.dll	P2
resource	Runtime/i386-windows/gameinput.dll	28672	c1157e17245642f3cff33d58d199115a284ace061e40e7239410d004604272d2	wine-build	build-macos/dlls/gameinput/i386-windows/gameinput.dll	P2
resource	Runtime/i386-windows/gameux.dll	262144	96adbba13ec5726c236fa6098ee71c289f6825b32cf370bc4e7fdb7a5582e926	wine-build	build-macos/dlls/gameux/i386-windows/gameux.dll	P2
resource	Runtime/i386-windows/gamingtcui.dll	36864	4b7aeaa53f1b97b925bfc263ee9dcbf0febbdbe66baf4b8f6615e4292e0ca225	wine-build	build-macos/dlls/gamingtcui/i386-windows/gamingtcui.dll	P2
resource	Runtime/i386-windows/gdi32.dll	630784	c910879cbb49d5af3f629fa57eaf498de80023b0e1487965da26da7bc3b96b5f	wine-build	build-macos/dlls/gdi32/i386-windows/gdi32.dll	P2
resource	Runtime/i386-windows/gdiplus.dll	888832	accc1e50f5f0fccd3d183feb8860f1afce43ff6ac17cfc7594da3594c665c308	wine-build	build-macos/dlls/gdiplus/i386-windows/gdiplus.dll	P2
resource	Runtime/i386-windows/geolocation.dll	61440	f45133b5feff56e5e436030799929dc7d9425acad463f63a963b77468577b36c	wine-build	build-macos/dlls/geolocation/i386-windows/geolocation.dll	P2
resource	Runtime/i386-windows/glu32.dll	200704	d475fff6f3a9958bb9692123965270737d0e395cef9ac0897c00cb5a0485a871	wine-build	build-macos/dlls/glu32/i386-windows/glu32.dll	P2
resource	Runtime/i386-windows/gpkcsp.dll	32768	dc67613babaee4d0a643773fb618ae61ee9e9536a178b50cac01ea45663e0342	wine-build	build-macos/dlls/gpkcsp/i386-windows/gpkcsp.dll	P2
resource	Runtime/i386-windows/graphicscapture.dll	98304	8d46b81a38cffdb8b94dd38936c85580aa26a6c65064b9f25da9ede29f49e995	wine-build	build-macos/dlls/graphicscapture/i386-windows/graphicscapture.dll	P2
resource	Runtime/i386-windows/hal.dll	61440	3aabc97e952294058a5c2c597a0d089e78da2d248093134754e80a58bf5e5167	wine-build	build-macos/dlls/hal/i386-windows/hal.dll	P2
resource	Runtime/i386-windows/hid.dll	65536	2a3c994536143f45729877e0df221fb58ccf5ba6abc6369328dc7ccec5a7fcff	wine-build	build-macos/dlls/hid/i386-windows/hid.dll	P2
resource	Runtime/i386-windows/hlink.dll	262144	ca59761b05b31395b6da3a7d3d31ff290c91894fa0fe7c96fc94f045a9ea6588	wine-build	build-macos/dlls/hlink/i386-windows/hlink.dll	P2
resource	Runtime/i386-windows/hnetcfg.dll	225280	616f942563dc4de69ad1529dc80b3fa98d0bc34e4c5399cd9f77d5b79d3db7a2	wine-build	build-macos/dlls/hnetcfg/i386-windows/hnetcfg.dll	P2
resource	Runtime/i386-windows/hrtfapo.dll	32768	4631bee3450583ff60bdbde42c63b0176ec2180ad1f779301cc82161ff3cf4f7	wine-build	build-macos/dlls/hrtfapo/i386-windows/hrtfapo.dll	P2
resource	Runtime/i386-windows/httpapi.dll	57344	80beef11103d83a59b05c583192871191eb0b602abc98bbdfe76ca7f9e94760c	wine-build	build-macos/dlls/httpapi/i386-windows/httpapi.dll	P2
resource	Runtime/i386-windows/hvsimanagementapi.dll	57344	fc40b407f8e126805dc99fc2c817842f9a90e1bcb7ef1e434229ee4af7eda124	wine-build	build-macos/dlls/hvsimanagementapi/i386-windows/hvsimanagementapi.dll	P2
resource	Runtime/i386-windows/ia2comproxy.dll	53248	fabc98c68828fd787d55919a4c4cb5d77634ff7e6d623bf7bbee8507927bbdda	wine-build	build-macos/dlls/ia2comproxy/i386-windows/ia2comproxy.dll	P2
resource	Runtime/i386-windows/iccvid.dll	57344	bbce135153650d3051ebe6081c0f1e41b15f6a3c4cc966e27ee8cd9e6ba2336f	wine-build	build-macos/dlls/iccvid/i386-windows/iccvid.dll	P2
resource	Runtime/i386-windows/icmp.dll	8192	245f71274b328d6c1f844a45e68448500b6e88b7f34d9c49382600309996fa40	wine-build	build-macos/dlls/icmp/i386-windows/icmp.dll	P2
resource	Runtime/i386-windows/icmui.dll	28672	3cb1a97b0d1da3cf898743e16f15b6d04001f232ea74fb929e1a259ac75dc9bf	wine-build	build-macos/dlls/icmui/i386-windows/icmui.dll	P2
resource	Runtime/i386-windows/icu.dll	6385664	aad33e10851decc07f67a534bf1be76b36662ce923519faf76d1dab9e88818ec	wine-build	build-macos/dlls/icu/i386-windows/icu.dll	P2
resource	Runtime/i386-windows/icuin.dll	28672	2d04fbdf823d0dfff40e3c78ef78aaef9bb1f8941fbed02ef0f441b567491360	wine-build	build-macos/dlls/icuin/i386-windows/icuin.dll	P2
resource	Runtime/i386-windows/icuuc.dll	32768	68c3543088bfa2ba14ea1fbcfba24c6523f7edc3cb3e76c6324aa53abcb38672	wine-build	build-macos/dlls/icuuc/i386-windows/icuuc.dll	P2
resource	Runtime/i386-windows/ieframe.dll	675840	dde0d72ac2ffdf336f6aa02c240d55973392586412f3309287be831e4369753d	wine-build	build-macos/dlls/ieframe/i386-windows/ieframe.dll	P2
resource	Runtime/i386-windows/ieproxy.dll	204800	478603126adccf32a07c62dfc3e75930988c0b1e191092f9bcff4ec3c75c589b	wine-build	build-macos/dlls/ieproxy/i386-windows/ieproxy.dll	P2
resource	Runtime/i386-windows/iertutil.dll	163840	dfd4da1a420935d5e1a432779304aecf8bf421e6908966ce1329e7645a65d60a	wine-build	build-macos/dlls/iertutil/i386-windows/iertutil.dll	P2
resource	Runtime/i386-windows/imagehlp.dll	81920	9e60481902a3d6540c0e3ff2d8d80f252ca7ccbbddc2bc77925c75483ba37ba9	wine-build	build-macos/dlls/imagehlp/i386-windows/imagehlp.dll	P2
resource	Runtime/i386-windows/imm32.dll	167936	f2f55dc25e6fac1782c3de567a23286796b98b6d94bdf423ac928a0db5c6225c	wine-build	build-macos/dlls/imm32/i386-windows/imm32.dll	P2
resource	Runtime/i386-windows/inetcomm.dll	413696	1d51f40dfab50b0dfb2aa0bda40565f56f8e7c97b46522ec7b74de84f9481d54	wine-build	build-macos/dlls/inetcomm/i386-windows/inetcomm.dll	P2
resource	Runtime/i386-windows/inetmib1.dll	49152	f4117d614ec96aa1da82a3bc3460d7240ae730d9f572754363a5bf2052316b69	wine-build	build-macos/dlls/inetmib1/i386-windows/inetmib1.dll	P2
resource	Runtime/i386-windows/infosoft.dll	212992	992f3eca15c932d4c703147a7e3900161df43abb3c2781cf05b3ec94b6512298	wine-build	build-macos/dlls/infosoft/i386-windows/infosoft.dll	P2
resource	Runtime/i386-windows/initpki.dll	28672	c91df6b65f0084055a18482574422c4f88e40e8f3f96a3fc95e6f8fbbf13ac02	wine-build	build-macos/dlls/initpki/i386-windows/initpki.dll	P2
resource	Runtime/i386-windows/inkobj.dll	32768	e45210c61e420f4a66046fb765d1b9b31494e10aec372126f9ef95fdda663767	wine-build	build-macos/dlls/inkobj/i386-windows/inkobj.dll	P2
resource	Runtime/i386-windows/inseng.dll	221184	202137bbce901101a11c58313eaea72fafa2c5c70a8285398214d66b45d9a988	wine-build	build-macos/dlls/inseng/i386-windows/inseng.dll	P2
resource	Runtime/i386-windows/iphlpapi.dll	319488	2081e3b8a8b9a9d65f7e089c264ca0fba84688208b66a7d832aa6f4f10f69553	wine-build	build-macos/dlls/iphlpapi/i386-windows/iphlpapi.dll	P2
resource	Runtime/i386-windows/iprop.dll	20480	f6607f241b38768295832ce9b594a3e8ace3ddc230f35a3ac1ec7b9a425884f1	wine-build	build-macos/dlls/iprop/i386-windows/iprop.dll	P2
resource	Runtime/i386-windows/ir50_32.dll	73728	eed223aa74310167abe8d11bb516e0a11cb56a2a04403bec4fabf7047828983d	wine-build	build-macos/dlls/ir50_32/i386-windows/ir50_32.dll	P2
resource	Runtime/i386-windows/itircl.dll	28672	32e85a650f38fda4c79c8388f582c147afacb8f095c559bce4d30ac2531f1d8a	wine-build	build-macos/dlls/itircl/i386-windows/itircl.dll	P2
resource	Runtime/i386-windows/itss.dll	270336	2e2e4c44152381fd4a21792ddce944f4d93dc87d30b909b37665f2cdbfd509f9	wine-build	build-macos/dlls/itss/i386-windows/itss.dll	P2
resource	Runtime/i386-windows/iyuv_32.dll	1867776	3b53f32689f6ed35036ab32bf9ce355af0134875a1339c198a06a24ca72f7349	wine-build	build-macos/dlls/iyuv_32/i386-windows/iyuv_32.dll	P2
resource	Runtime/i386-windows/jscript.dll	892928	845a3dd540ae7f7b00b0a35a5802e9f4736cec5aa4e6c8cf650e2a06cfb9c7a2	wine-build	build-macos/dlls/jscript/i386-windows/jscript.dll	P2
resource	Runtime/i386-windows/jsproxy.dll	217088	3194cce98f2f34486437736492e6b94d389db2126fb1368a2bb55642992ee6ee	wine-build	build-macos/dlls/jsproxy/i386-windows/jsproxy.dll	P2
resource	Runtime/i386-windows/kernel32.dll	581632	68605f0ef18369aafd35ce65ab7ca845accb81cdaa696630e221be526a750d2c	wine-build	build-macos/dlls/kernel32/i386-windows/kernel32.dll	P2
resource	Runtime/i386-windows/kernelbase.dll	3121152	b41964ac58b8142eb772691d2bda28130b8db4fed9a1eae301f52e48459659a7	wine-build	build-macos/dlls/kernelbase/i386-windows/kernelbase.dll	P2
resource	Runtime/i386-windows/ksuser.dll	32768	62dcff562cb6ab5720cbc0bb3912b5d1792ce2e6cb464ec1288b4be1b2824313	wine-build	build-macos/dlls/ksuser/i386-windows/ksuser.dll	P2
resource	Runtime/i386-windows/ktmw32.dll	36864	9297c53f738ce4099fe697f0ff32c69487f7bd629ddc1e7c896d6429d2a03047	wine-build	build-macos/dlls/ktmw32/i386-windows/ktmw32.dll	P2
resource	Runtime/i386-windows/loadperf.dll	36864	836aecc1a0797f634f428e9cddfea6d9e31dd44b3ad3c3cb4fcfa31e0616c0d1	wine-build	build-macos/dlls/loadperf/i386-windows/loadperf.dll	P2
resource	Runtime/i386-windows/localspl.dll	225280	332919f3a28bd6c9666ab078537001e1ff4b25c34f039c2d34687263dd5d182f	wine-build	build-macos/dlls/localspl/i386-windows/localspl.dll	P2
resource	Runtime/i386-windows/localui.dll	86016	c567de7842a27eebf723f9f6bd9456dbcd012be74a14ef5e62cdaf3afdaeec7e	wine-build	build-macos/dlls/localui/i386-windows/localui.dll	P2
resource	Runtime/i386-windows/lz32.dll	12288	7ecad3d0635e4f34ae475bd3a7191513791219fd6ad1a1dfb83fd43136c37975	wine-build	build-macos/dlls/lz32/i386-windows/lz32.dll	P2
resource	Runtime/i386-windows/magnification.dll	36864	d98084199f2acb1cfcd7a4febc0e9d5cd7b62a4d101904b19723973293c7e409	wine-build	build-macos/dlls/magnification/i386-windows/magnification.dll	P2
resource	Runtime/i386-windows/mapi32.dll	319488	9165ca7c8beff72b0028be1021d73ce020aab86e801232d4377dbf319021c875	wine-build	build-macos/dlls/mapi32/i386-windows/mapi32.dll	P2
resource	Runtime/i386-windows/mapistub.dll	57344	407af0eb4df0312651a72c24e97d5851fe61f38a482f322c3662a197dd87d35f	wine-build	build-macos/dlls/mapistub/i386-windows/mapistub.dll	P2
resource	Runtime/i386-windows/mciavi32.dll	102400	69b40f53b5db5111415f795c4e37326515ae82638fea7396dfbb7543e2162162	wine-build	build-macos/dlls/mciavi32/i386-windows/mciavi32.dll	P2
resource	Runtime/i386-windows/mcicda.dll	61440	b2ce4213b76de8779f5de119a182a1f025b30eb916411ccc828f9c28806c0a50	wine-build	build-macos/dlls/mcicda/i386-windows/mcicda.dll	P2
resource	Runtime/i386-windows/mciqtz32.dll	110592	0688a55012d7af037f5c4b17d57846a3d5c3b1511e3c552298a0c7f5102b0703	wine-build	build-macos/dlls/mciqtz32/i386-windows/mciqtz32.dll	P2
resource	Runtime/i386-windows/mciseq.dll	61440	02ba37b30e760072ce6cf164c35b7911f88dab1aa2a0d3f3f53dde73606970fe	wine-build	build-macos/dlls/mciseq/i386-windows/mciseq.dll	P2
resource	Runtime/i386-windows/mciwave.dll	65536	69ce5328acedd4d0ef82fd74ed73b1aaecb2eb6dc55f0cead14138aed3371aa7	wine-build	build-macos/dlls/mciwave/i386-windows/mciwave.dll	P2
resource	Runtime/i386-windows/mf.dll	688128	c8bc02e4c4bee3bf962183fc3fe1d484fb81e727d4d44f5c2e7c9262417da4c8	wine-build	build-macos/dlls/mf/i386-windows/mf.dll	P2
resource	Runtime/i386-windows/mf3216.dll	28672	18cd2dd25c0c596c54b01ecfd57689381a8d01a7d28693785c2a0e214f14ba5a	wine-build	build-macos/dlls/mf3216/i386-windows/mf3216.dll	P2
resource	Runtime/i386-windows/mfasfsrcsnk.dll	303104	9f5a6d886a6451a4e3e76d79278dfcd6990afd0d9a6ed7cab1c7ec3b29b3b18f	wine-build	build-macos/dlls/mfasfsrcsnk/i386-windows/mfasfsrcsnk.dll	P2
resource	Runtime/i386-windows/mferror.dll	229376	5a48dd3c5e8f265ba190ffb9a480fe6b3d6fc6b3a8cf5de01babae9d8741c877	wine-build	build-macos/dlls/mferror/i386-windows/mferror.dll	P2
resource	Runtime/i386-windows/mfh264enc.dll	253952	101cd7f6f58c1caea5f36ad0876459e3ef488882d090c508409cbcfe5bdcdcd2	wine-build	build-macos/dlls/mfh264enc/i386-windows/mfh264enc.dll	P2
resource	Runtime/i386-windows/mfmediaengine.dll	360448	2d1fd56c663e9960537cd8f7c99ee640bf93d9d58b3cbfc66d015e045483e6ed	wine-build	build-macos/dlls/mfmediaengine/i386-windows/mfmediaengine.dll	P2
resource	Runtime/i386-windows/mfmp4srcsnk.dll	311296	9ada9187e997a443c49a2f3b7909f8055fe32cc93185821cf732f810027849e8	wine-build	build-macos/dlls/mfmp4srcsnk/i386-windows/mfmp4srcsnk.dll	P2
resource	Runtime/i386-windows/mfplat.dll	602112	01ca75dbe27bb984b2dbbe22f4512841b134c0459019289685b81e44426cd9b7	wine-build	build-macos/dlls/mfplat/i386-windows/mfplat.dll	P2
resource	Runtime/i386-windows/mfplay.dll	286720	fd2866667dfce0d622a9b321d57cd0b6bfb5799b32d1fff9c3a4cbc4ff62d444	wine-build	build-macos/dlls/mfplay/i386-windows/mfplay.dll	P2
resource	Runtime/i386-windows/mfreadwrite.dll	315392	3f70e2f6189719d695141f854c160b7e2e63151894049935864d256a18324d87	wine-build	build-macos/dlls/mfreadwrite/i386-windows/mfreadwrite.dll	P2
resource	Runtime/i386-windows/mfsrcsnk.dll	331776	568e3fd066c52d9034793fb494d3a3295f20663b85008b8a244d5d391104390a	wine-build	build-macos/dlls/mfsrcsnk/i386-windows/mfsrcsnk.dll	P2
resource	Runtime/i386-windows/mgmtapi.dll	32768	81436bbafa59de06f4d906315a1882de6520bb6d55c42d7f7691e88dfd2d48cb	wine-build	build-macos/dlls/mgmtapi/i386-windows/mgmtapi.dll	P2
resource	Runtime/i386-windows/midimap.dll	36864	a4e5972bd618242e189a0f2bbb4b9badaf5ec585a516dd066fa03b5aa45b368e	wine-build	build-macos/dlls/midimap/i386-windows/midimap.dll	P2
resource	Runtime/i386-windows/mlang.dll	319488	d5abb075bf59fcc01e2f0ed965f9565cfca8d91598062b029b28b6b4787d3881	wine-build	build-macos/dlls/mlang/i386-windows/mlang.dll	P2
resource	Runtime/i386-windows/mmcndmgr.dll	212992	3957a30dbf6dca357306ff36bc0e4964f2d3958643097d6bec4c3efddb03fd31	wine-build	build-macos/dlls/mmcndmgr/i386-windows/mmcndmgr.dll	P2
resource	Runtime/i386-windows/mmdevapi.dll	258048	21af76c06764cbea19886f42b26a147fe82c87d2a8e984fd259232c0e2eb07da	wine-build	build-macos/dlls/mmdevapi/i386-windows/mmdevapi.dll	P2
resource	Runtime/i386-windows/mp3dmod.dll	577536	144fe2eb4fff2cfd171c6394a41cb90785a2fe2d7ae8946018ad8edadd117352	wine-build	build-macos/dlls/mp3dmod/i386-windows/mp3dmod.dll	P2
resource	Runtime/i386-windows/mpr.dll	135168	8d0804b7a8b869b6452075db5296d551e02063330f5fc49a848d8552ea89c2e7	wine-build	build-macos/dlls/mpr/i386-windows/mpr.dll	P2
resource	Runtime/i386-windows/mprapi.dll	73728	a39a83cb2e08f8b09ba54385f4caa68c69c86928ff182169c93a2687695a9383	wine-build	build-macos/dlls/mprapi/i386-windows/mprapi.dll	P2
resource	Runtime/i386-windows/msacm32.dll	143360	d64872a7a015ef3239a35d70d46072c06d8818acb43ef2f79d4317c575283149	wine-build	build-macos/dlls/msacm32/i386-windows/msacm32.dll	P2
resource	Runtime/i386-windows/msacm32.drv	53248	8a4f2082d66110f92c6fe819176d9bf1f943f13eaad3efd1635cd1898d234f67	wine-build	build-macos/dlls/msacm32.drv/i386-windows/msacm32.drv	P2
resource	Runtime/i386-windows/msado15.dll	311296	7c75e29a3210bfd7755d08e11bf0ecb4b00d456c48e21296851d5aee8673f216	wine-build	build-macos/dlls/msado15/i386-windows/msado15.dll	P2
resource	Runtime/i386-windows/msasn1.dll	122880	8a1801f572d236b0b9c84279fabdbb59c2308a3a68bf6b2c4e4391a5897a235a	wine-build	build-macos/dlls/msasn1/i386-windows/msasn1.dll	P2
resource	Runtime/i386-windows/msauddecmft.dll	253952	36f257cc9c096893755d97f970548338758b66d8b0a334ad6664017c1ae3cab1	wine-build	build-macos/dlls/msauddecmft/i386-windows/msauddecmft.dll	P2
resource	Runtime/i386-windows/mscat32.dll	28672	1a228cf89cdebc5c2f080ac49e5078f3775be1d91188fddeb1cc88e65c105638	wine-build	build-macos/dlls/mscat32/i386-windows/mscat32.dll	P2
resource	Runtime/i386-windows/mscms.dll	442368	7f61bbfdf213ba2e0ef7de12d558fe6393967fd8adf77fcc0957d6e48f51362d	wine-build	build-macos/dlls/mscms/i386-windows/mscms.dll	P2
resource	Runtime/i386-windows/mscoree.dll	385024	ea5df930ee9712f6b756b4d29a00dc4dc626da8dbbc995019b6bbb09ccadfab6	wine-build	build-macos/dlls/mscoree/i386-windows/mscoree.dll	P2
resource	Runtime/i386-windows/mscorwks.dll	57344	dbd017a22a3e0cf15dcd2a24759f377b1c4164fdf4299c9ac655e2336d171f6f	wine-build	build-macos/dlls/mscorwks/i386-windows/mscorwks.dll	P2
resource	Runtime/i386-windows/msctf.dll	348160	f29ae87359ad446352f77f225b8efa955de335a6515b4db4b17d325d389beb17	wine-build	build-macos/dlls/msctf/i386-windows/msctf.dll	P2
resource	Runtime/i386-windows/msctfmonitor.dll	32768	16989b74fc4fbfd0e4575102f3216e0a339ab700c8d52ff089e8eac17d7c8911	wine-build	build-macos/dlls/msctfmonitor/i386-windows/msctfmonitor.dll	P2
resource	Runtime/i386-windows/msctfp.dll	86016	3d0ca244f55eb984811b8db1b17a65bb132c6e0a77f2675864d9e19e33eb2fb1	wine-build	build-macos/dlls/msctfp/i386-windows/msctfp.dll	P2
resource	Runtime/i386-windows/msdaps.dll	245760	52a019cc22837548ce314f8891e0acce1dfff7d261cdb6252371ce53cf1df1c7	wine-build	build-macos/dlls/msdaps/i386-windows/msdaps.dll	P2
resource	Runtime/i386-windows/msdasql.dll	278528	427b7cfb96409cd5242c3582bef4aceb80d26af202616d1cee66b02961641dfe	wine-build	build-macos/dlls/msdasql/i386-windows/msdasql.dll	P2
resource	Runtime/i386-windows/msdelta.dll	28672	623ab088ee87a77371b011b9b08bb414d599beea33d755fcf40e5c2e405962fb	wine-build	build-macos/dlls/msdelta/i386-windows/msdelta.dll	P2
resource	Runtime/i386-windows/msdmo.dll	225280	b7499d03b14371bb4f17c071070ed648c8c6eb29d7005bd48970b8b63f92ad64	wine-build	build-macos/dlls/msdmo/i386-windows/msdmo.dll	P2
resource	Runtime/i386-windows/msdrm.dll	61440	5dc757a7d899643eec8e20ab6f017118b882e3ec12ae436ff3f1a3523fc367b9	wine-build	build-macos/dlls/msdrm/i386-windows/msdrm.dll	P2
resource	Runtime/i386-windows/msftedit.dll	200704	0c42172fcd38ccc22980c65a15886f17307437ea25ba0865aa21e61ae3248e55	wine-build	build-macos/dlls/msftedit/i386-windows/msftedit.dll	P2
resource	Runtime/i386-windows/mshtml.dll	2641920	966e9161274d53440cd1038847c5fe2269590fed256affb597288218f152effa	wine-build	build-macos/dlls/mshtml/i386-windows/mshtml.dll	P2
resource	Runtime/i386-windows/msi.dll	1519616	a4e9c7d6076cc068e8ec2cc10cb5860cd097ad462813325d8accc28fd2be8261	wine-build	build-macos/dlls/msi/i386-windows/msi.dll	P2
resource	Runtime/i386-windows/msident.dll	57344	fecc45d9877d309cbb7a16fbd51e97cca056788e191205d7c8cef13a39406d3b	wine-build	build-macos/dlls/msident/i386-windows/msident.dll	P2
resource	Runtime/i386-windows/msimg32.dll	28672	ba3bb64dc124bc7b6e18afb30032878d4f0e3c5d192534af95530c1c5c17cdf3	wine-build	build-macos/dlls/msimg32/i386-windows/msimg32.dll	P2
resource	Runtime/i386-windows/msimsg.dll	8192	5f20326d06b37baaea2b0f54d72009e2d923bd3b70918f97d516492d456382af	wine-build	build-macos/dlls/msimsg/i386-windows/msimsg.dll	P2
resource	Runtime/i386-windows/msimtf.dll	229376	7199d8a2dbd5911cab6a731040daf9648aa84bda0455cb60e74f20e56b8222f9	wine-build	build-macos/dlls/msimtf/i386-windows/msimtf.dll	P2
resource	Runtime/i386-windows/msisip.dll	36864	94deb0ea18ca8dda0642df7d735726f77afb5db16b725a7dee39e674a0e30e63	wine-build	build-macos/dlls/msisip/i386-windows/msisip.dll	P2
resource	Runtime/i386-windows/msls31.dll	49152	512026d800012e35eec507efa14b67b759fe436086bda4d4e3a071af4f19f8dd	wine-build	build-macos/dlls/msls31/i386-windows/msls31.dll	P2
resource	Runtime/i386-windows/msmpeg2vdec.dll	253952	7e335fa471283304498509d41aefedcf38eafc7ec0fed7deacb9834d9d0408ec	wine-build	build-macos/dlls/msmpeg2vdec/i386-windows/msmpeg2vdec.dll	P2
resource	Runtime/i386-windows/msnet32.dll	49152	0e67dac5ae1110256f211204d611f430f39ccf62c2d61f7707dbb8767736749c	wine-build	build-macos/dlls/msnet32/i386-windows/msnet32.dll	P2
resource	Runtime/i386-windows/mspatcha.dll	65536	de8ab13134b8637676c3d1b7d78334189739b74d9fad8ab71ca50fa9b301c4c4	wine-build	build-macos/dlls/mspatcha/i386-windows/mspatcha.dll	P2
resource	Runtime/i386-windows/msports.dll	32768	6c1aa29ebc69620384a258d99efca7e14c02a33880a3b16be661658bd539e862	wine-build	build-macos/dlls/msports/i386-windows/msports.dll	P2
resource	Runtime/i386-windows/msrle32.dll	65536	966a26078405b5b3bdb091547398e213dd68f59e0294918219c980d9d7c81d88	wine-build	build-macos/dlls/msrle32/i386-windows/msrle32.dll	P2
resource	Runtime/i386-windows/mssign32.dll	40960	7a92e384ea1629273e139440edd9045df55fe596ddcc5469631454d47572b718	wine-build	build-macos/dlls/mssign32/i386-windows/mssign32.dll	P2
resource	Runtime/i386-windows/mssip32.dll	28672	155f97d58898bcf6c7c221a08600fb4e487fa8e5f053b130fb50fba4528cc63d	wine-build	build-macos/dlls/mssip32/i386-windows/mssip32.dll	P2
resource	Runtime/i386-windows/mstask.dll	110592	8967f1f9ca20dbd47fef7571e1e0e3005168f23549fe9138124d168a43658d77	wine-build	build-macos/dlls/mstask/i386-windows/mstask.dll	P2
resource	Runtime/i386-windows/msttsengine.dll	61440	ad5ce2e19f806f4f284addc810c04f00152e97326400820833e7c567966a1935	wine-build	build-macos/dlls/msttsengine/i386-windows/msttsengine.dll	P2
resource	Runtime/i386-windows/msv1_0.dll	77824	14266eaf76bd99655082d3fd7cac7b71b4268cc4bb4d92a0287fb894f23bbfa1	wine-build	build-macos/dlls/msv1_0/i386-windows/msv1_0.dll	P2
resource	Runtime/i386-windows/msvcirt.dll	225280	878b4413a8d6deca178238a058c809dd04fdaae8cb069d077191013a6ada0f27	wine-build	build-macos/dlls/msvcirt/i386-windows/msvcirt.dll	P2
resource	Runtime/i386-windows/msvcm80.dll	86016	0b782ff05b0118f58c736665b22eca613089d8bb7d41e69554df87f267644041	wine-build	build-macos/dlls/msvcm80/i386-windows/msvcm80.dll	P2
resource	Runtime/i386-windows/msvcm90.dll	65536	fb70f0c4ca15bb72a4e5befbb329b24ebb880944041a15d777b32fd484e6493d	wine-build	build-macos/dlls/msvcm90/i386-windows/msvcm90.dll	P2
resource	Runtime/i386-windows/msvcp100.dll	1122304	3d6c35b5785899688a1c0aaf0d1af7da93af46d196e85baeb3f49abb6b7afa17	wine-build	build-macos/dlls/msvcp100/i386-windows/msvcp100.dll	P2
resource	Runtime/i386-windows/msvcp110.dll	1155072	945397daeb55f65e68103d7b2a38f009ceea407a7f62ed5bb112cac19ecc1b06	wine-build	build-macos/dlls/msvcp110/i386-windows/msvcp110.dll	P2
resource	Runtime/i386-windows/msvcp120.dll	1155072	cb71f042af56f3bfefd86f2be357522c6af8c3d8c5efb9190f335b4b6109bccb	wine-build	build-macos/dlls/msvcp120/i386-windows/msvcp120.dll	P2
resource	Runtime/i386-windows/msvcp120_app.dll	311296	db518146125647eb37d9696fc279378abcfd33eb3c1563e88abe8aab2cb2f241	wine-build	build-macos/dlls/msvcp120_app/i386-windows/msvcp120_app.dll	P2
resource	Runtime/i386-windows/msvcp140.dll	1171456	81068e247217e4b219b8df07c559c2660725ba6895926669511fabbbf082e94b	wine-build	build-macos/dlls/msvcp140/i386-windows/msvcp140.dll	P2
resource	Runtime/i386-windows/msvcp140_1.dll	36864	014a82aff270254894885cee8342a2f0ac90710ba864e785d1058c6b8d77130b	wine-build	build-macos/dlls/msvcp140_1/i386-windows/msvcp140_1.dll	P2
resource	Runtime/i386-windows/msvcp140_2.dll	36864	a3fd1dcc233b94c2a3240344bb4a5877829d59bee9b10e6d799b1c305f9acd62	wine-build	build-macos/dlls/msvcp140_2/i386-windows/msvcp140_2.dll	P2
resource	Runtime/i386-windows/msvcp140_atomic_wait.dll	45056	fb5473362ba0ed395f87f63f81aa24afc9ec84187563ad4f80830cc1acee9dc4	wine-build	build-macos/dlls/msvcp140_atomic_wait/i386-windows/msvcp140_atomic_wait.dll	P2
resource	Runtime/i386-windows/msvcp140_codecvt_ids.dll	20480	6fc161da9c0f5bf336f54138696e582cf74720e6030c2531116e82c521004307	wine-build	build-macos/dlls/msvcp140_codecvt_ids/i386-windows/msvcp140_codecvt_ids.dll	P2
resource	Runtime/i386-windows/msvcp60.dll	1208320	f963f84532271cab73bcce2df871da9d8529b20e85f1d89d32a56c7fe19d6403	wine-build	build-macos/dlls/msvcp60/i386-windows/msvcp60.dll	P2
resource	Runtime/i386-windows/msvcp70.dll	1413120	d5a907c548c40aaf873b38d581a4f4ededfc46e6ddc196e61e6feaead4752ab4	wine-build	build-macos/dlls/msvcp70/i386-windows/msvcp70.dll	P2
resource	Runtime/i386-windows/msvcp71.dll	1384448	c2f0738ea1312b4315439bd46f0b24c4c159b5b1649fd5321540cccb8faa27c6	wine-build	build-macos/dlls/msvcp71/i386-windows/msvcp71.dll	P2
resource	Runtime/i386-windows/msvcp80.dll	1454080	51caa02621f1fa29313a020c4c8c95ac383ae497b33cc616529797666aa23b12	wine-build	build-macos/dlls/msvcp80/i386-windows/msvcp80.dll	P2
resource	Runtime/i386-windows/msvcp90.dll	1445888	e4624433d5da125c955a962408f72c3b8212b2ca9f77d99cebb28e8bac4289de	wine-build	build-macos/dlls/msvcp90/i386-windows/msvcp90.dll	P2
resource	Runtime/i386-windows/msvcp_win.dll	299008	6b78b75bc47ae7ae299922942704b6c1ae06d56a3f804bb148c9e1c26c2cd120	wine-build	build-macos/dlls/msvcp_win/i386-windows/msvcp_win.dll	P2
resource	Runtime/i386-windows/msvcr100.dll	1007616	95ad9b2f14c41254d1fd03f3d9f2fa5580e0ee31d356f5d5351fd8e02500fd9b	wine-build	build-macos/dlls/msvcr100/i386-windows/msvcr100.dll	P2
resource	Runtime/i386-windows/msvcr110.dll	1036288	22b50d6eef612c5f7576254b6113c81381e7bb23364d6a095d1dbea712e5419f	wine-build	build-macos/dlls/msvcr110/i386-windows/msvcr110.dll	P2
resource	Runtime/i386-windows/msvcr120.dll	1150976	b2e1a8d5f5fe5b2da79619967a2af5bc130d2833108256b62aceb338f37e5498	wine-build	build-macos/dlls/msvcr120/i386-windows/msvcr120.dll	P2
resource	Runtime/i386-windows/msvcr120_app.dll	176128	ad3e0cf9e9787b645a23566284875e369a81dbab7ca415935016e42036fcf2e8	wine-build	build-macos/dlls/msvcr120_app/i386-windows/msvcr120_app.dll	P2
resource	Runtime/i386-windows/msvcr70.dll	770048	e0639aa4ab089174903cd0e63308878d384a5b044e9058eae0df38f79912db45	wine-build	build-macos/dlls/msvcr70/i386-windows/msvcr70.dll	P2
resource	Runtime/i386-windows/msvcr71.dll	770048	c726214490844630eca6f698220ad2ac01b300019ee5152dd86cbba87bc2edbc	wine-build	build-macos/dlls/msvcr71/i386-windows/msvcr71.dll	P2
resource	Runtime/i386-windows/msvcr80.dll	888832	3950c711ea74c233d5760985ad9edac2b1557d29bcbe0a5d08806a3fd6192a9a	wine-build	build-macos/dlls/msvcr80/i386-windows/msvcr80.dll	P2
resource	Runtime/i386-windows/msvcr90.dll	884736	18e493d76a9f184c468bf6a0b61c3a7ef2d8555f6f57bf7c68e11ba587cc82b2	wine-build	build-macos/dlls/msvcr90/i386-windows/msvcr90.dll	P2
resource	Runtime/i386-windows/msvcrt.dll	839680	595885b0bb32e3ca1a3b68100d28fd8dba2f89d67c1b3660527eb97b55db47b5	wine-build	build-macos/dlls/msvcrt/i386-windows/msvcrt.dll	P2
resource	Runtime/i386-windows/msvcrt20.dll	86016	0d849589f081107d89bcd22ec304b311e7fe3a70e87c0c2c965fbadc06d93409	wine-build	build-macos/dlls/msvcrt20/i386-windows/msvcrt20.dll	P2
resource	Runtime/i386-windows/msvcrt40.dll	90112	1825cc7a172263607df5402748f2eaedc5b694ac619797ae2f75856e550dcd28	wine-build	build-macos/dlls/msvcrt40/i386-windows/msvcrt40.dll	P2
resource	Runtime/i386-windows/msvcrtd.dll	774144	e79902b2176fb100d0e8355139f411b2abd46fc2352226e0747558f2a36980a1	wine-build	build-macos/dlls/msvcrtd/i386-windows/msvcrtd.dll	P2
resource	Runtime/i386-windows/msvdsp.dll	122880	58fba9231756170acd7364892c290df9a00d5dcb96c276fb3fa755e5ef8783f0	wine-build	build-macos/dlls/msvdsp/i386-windows/msvdsp.dll	P2
resource	Runtime/i386-windows/msvfw32.dll	155648	c4aec7f05f1c6b4b3778de7f164cd0faf602b8939d93ef0e5053017e528ba9bd	wine-build	build-macos/dlls/msvfw32/i386-windows/msvfw32.dll	P2
resource	Runtime/i386-windows/msvidc32.dll	45056	cb178f948439060cb1b3c03a1c25de3146fd409d890a890fd04b800b6c85759f	wine-build	build-macos/dlls/msvidc32/i386-windows/msvidc32.dll	P2
resource	Runtime/i386-windows/msvproc.dll	1847296	5d1dbd4d919fd6fad73dcebbed52ebfb92b91068274c46a28e4034249c74fc66	wine-build	build-macos/dlls/msvproc/i386-windows/msvproc.dll	P2
resource	Runtime/i386-windows/mswsock.dll	40960	671ba1437d516f76cc3441fed39839213b641922e1def7b8232ff6ad7d92408a	wine-build	build-macos/dlls/mswsock/i386-windows/mswsock.dll	P2
resource	Runtime/i386-windows/msxml.dll	69632	37fcbe7bbebc6a8401e65d5cf32f8bd57588e353b45c9a3b2b50c03b45a61045	wine-build	build-macos/dlls/msxml/i386-windows/msxml.dll	P2
resource	Runtime/i386-windows/msxml2.dll	65536	1b15a109db5115b6c5b635be1c3c72e8a23ed2a1945e54902cbe5d492f081c74	wine-build	build-macos/dlls/msxml2/i386-windows/msxml2.dll	P2
resource	Runtime/i386-windows/msxml3.dll	2871296	0ed2e67ba2d503b0132a1288d93046dedf852893c2e8457bae6b73d621157c38	wine-build	build-macos/dlls/msxml3/i386-windows/msxml3.dll	P2
resource	Runtime/i386-windows/msxml4.dll	131072	224af2b8f1436efc70517118938049e810e2e85cf3bc19e2287ada7e4627318d	wine-build	build-macos/dlls/msxml4/i386-windows/msxml4.dll	P2
resource	Runtime/i386-windows/msxml6.dll	131072	50383c5f62a25f37e9e6c842fce32ec6ec4e6c05382b15285b3165fc70a33262	wine-build	build-macos/dlls/msxml6/i386-windows/msxml6.dll	P2
resource	Runtime/i386-windows/mtxdm.dll	200704	d9f22fa280502b3fa5728adb13e9557869aa008c37d34f56c79a276b6c18389e	wine-build	build-macos/dlls/mtxdm/i386-windows/mtxdm.dll	P2
resource	Runtime/i386-windows/ncrypt.dll	86016	c92e2c83e7dcbd9de80bd560787cef4554d5d3523e3614f805bf082342596a58	wine-build	build-macos/dlls/ncrypt/i386-windows/ncrypt.dll	P2
resource	Runtime/i386-windows/nddeapi.dll	40960	f156d09488737f08541a039d877fb1aa3f83482162c446d02206e6d661ad7440	wine-build	build-macos/dlls/nddeapi/i386-windows/nddeapi.dll	P2
resource	Runtime/i386-windows/ndfapi.dll	40960	e027b7a0d6ba50d16f8633a8c00f2768e9c977bf0ab0d9ce3eaceebc2046f515	wine-build	build-macos/dlls/ndfapi/i386-windows/ndfapi.dll	P2
resource	Runtime/i386-windows/netapi32.dll	200704	8ffefaf8583e14fb8c660504a44acf07e5a8f93b97004b415e603fd534d74b72	wine-build	build-macos/dlls/netapi32/i386-windows/netapi32.dll	P2
resource	Runtime/i386-windows/netcfgx.dll	217088	025aaefceeff0db0650911d7f76eb48c4eb58e5e5a0f55d71eaac1b0f6018d0f	wine-build	build-macos/dlls/netcfgx/i386-windows/netcfgx.dll	P2
resource	Runtime/i386-windows/netprofm.dll	90112	0c1fe3717a2345ea0a5d311e7e73ef0c45af8b37c8999735c2d665388f4a8fbc	wine-build	build-macos/dlls/netprofm/i386-windows/netprofm.dll	P2
resource	Runtime/i386-windows/netutils.dll	36864	1ce9c20e6b05248dd68c275c945ffff93707b97b52c8c4ee69740fe4e561581b	wine-build	build-macos/dlls/netutils/i386-windows/netutils.dll	P2
resource	Runtime/i386-windows/newdev.dll	36864	8d57609cb8802d163d3f33480d0710fdb03c35dd09d6b359ff616727d80ea199	wine-build	build-macos/dlls/newdev/i386-windows/newdev.dll	P2
resource	Runtime/i386-windows/ninput.dll	61440	0e9d2d8a66070236135f9a16f4dfc2752c46938231b3a22442c64d7df724feb5	wine-build	build-macos/dlls/ninput/i386-windows/ninput.dll	P2
resource	Runtime/i386-windows/normaliz.dll	8192	405667fb46544920b4256b6c5797a6fd7f380a6b790bf06f825e40f649637a72	wine-build	build-macos/dlls/normaliz/i386-windows/normaliz.dll	P2
resource	Runtime/i386-windows/npmshtml.dll	32768	17905e43f52b411ca7ad29917cc7a7f6d045ebc6073d8e1971598abc22b31d04	wine-build	build-macos/dlls/npmshtml/i386-windows/npmshtml.dll	P2
resource	Runtime/i386-windows/npptools.dll	36864	2a9d8cde13b2a490e656839f75ce088d0d6496971c0a4995a381cd02cbdd1a53	wine-build	build-macos/dlls/npptools/i386-windows/npptools.dll	P2
resource	Runtime/i386-windows/nsi.dll	45056	64e72997bef3ac303aa8094a159a620b7967775748f02732ed9e158b91018302	wine-build	build-macos/dlls/nsi/i386-windows/nsi.dll	P2
resource	Runtime/i386-windows/ntdll.dll	942080	16a48171ed215c567910402c9733eb6b7ab6a4585e94b8d624bff762421b5392	wine-build	build-macos/dlls/ntdll/i386-windows/ntdll.dll	P2
resource	Runtime/i386-windows/ntdsapi.dll	61440	168d0ad51ba6455af08a2c2eda7c0f1199e7f9948e7b66b909f29a14a3b7fdd0	wine-build	build-macos/dlls/ntdsapi/i386-windows/ntdsapi.dll	P2
resource	Runtime/i386-windows/ntprint.dll	45056	9e38f659276a4e99a5b9733f9bef2d9bc57671d0e0d49dc39595da9fec60be2c	wine-build	build-macos/dlls/ntprint/i386-windows/ntprint.dll	P2
resource	Runtime/i386-windows/objsel.dll	212992	ea9e9f79dec6d78e723b1934a3d910ec2ec7fcf592ed5c85f1678a001f577b80	wine-build	build-macos/dlls/objsel/i386-windows/objsel.dll	P2
resource	Runtime/i386-windows/odbc32.dll	208896	ed3be85e6c8a302ad6cf863256b106eb886fec93cd8d247bc874e4e94eae496b	wine-build	build-macos/dlls/odbc32/i386-windows/odbc32.dll	P2
resource	Runtime/i386-windows/odbcbcp.dll	32768	2a8a4dd04565814ea039f4de7cc3498d7afe8084ff1b9b8b29a5bbb24669c40f	wine-build	build-macos/dlls/odbcbcp/i386-windows/odbcbcp.dll	P2
resource	Runtime/i386-windows/odbccp32.dll	81920	56b5dedf0e2cf8aaff586e85f31104b01a1b66529e151ddbd5f6ee00eea617d7	wine-build	build-macos/dlls/odbccp32/i386-windows/odbccp32.dll	P2
resource	Runtime/i386-windows/odbccu32.dll	32768	6cec089a99460854aacc94abb566b79e467965608ddadf17974bf5e7ec1d515b	wine-build	build-macos/dlls/odbccu32/i386-windows/odbccu32.dll	P2
resource	Runtime/i386-windows/ole32.dll	983040	eba2e1ba3efefaf0fd25ba1db860a41c9dbd2f4bb09aeb683998ac5f3e7a36b5	wine-build	build-macos/dlls/ole32/i386-windows/ole32.dll	P2
resource	Runtime/i386-windows/oleacc.dll	225280	48bb7cdb27c144ed44211eea6b76f37bec96910f445b99ff1da47c9bf5414402	wine-build	build-macos/dlls/oleacc/i386-windows/oleacc.dll	P2
resource	Runtime/i386-windows/oleaut32.dll	909312	73feba7cab2ed3d7081d6c8ac11c14d0f69415520ae0d8ad7f30660783435bdc	wine-build	build-macos/dlls/oleaut32/i386-windows/oleaut32.dll	P2
resource	Runtime/i386-windows/olecli32.dll	40960	5bf4530a97ef4abe3c5944490126e87e14b7e8951e36aa9c1b7df497fc9c6973	wine-build	build-macos/dlls/olecli32/i386-windows/olecli32.dll	P2
resource	Runtime/i386-windows/oledb32.dll	442368	a8d2dea24ae44957b8cfe215ae14e2bcc58ef6fe51c872c0190d77fb7afb357b	wine-build	build-macos/dlls/oledb32/i386-windows/oledb32.dll	P2
resource	Runtime/i386-windows/oledlg.dll	217088	9ab2c090cee6dba550d6d63d49f7eccb93b462723328f9a8006ac77cafa8992d	wine-build	build-macos/dlls/oledlg/i386-windows/oledlg.dll	P2
resource	Runtime/i386-windows/olepro32.dll	49152	36f138e9fe93eea4f3ab82c51e2c39fa2c290944d991329295d6679bf9fad9ba	wine-build	build-macos/dlls/olepro32/i386-windows/olepro32.dll	P2
resource	Runtime/i386-windows/olesvr32.dll	32768	090466ff11b91e00f826972eac1810d3a6d71b56b9a477b24715ad905e4894fc	wine-build	build-macos/dlls/olesvr32/i386-windows/olesvr32.dll	P2
resource	Runtime/i386-windows/olethk32.dll	32768	3e2de7368b95152d1087743c0552060e0a81f1ed02a1c9302259e08d0b4fe192	wine-build	build-macos/dlls/olethk32/i386-windows/olethk32.dll	P2
resource	Runtime/i386-windows/opcservices.dll	163840	221f938a9bfe3faeeadccc8828d568f845f39c6e52b499679e91a7d7731bf282	wine-build	build-macos/dlls/opcservices/i386-windows/opcservices.dll	P2
resource	Runtime/i386-windows/opencl.dll	81920	a36b485b2d90893256075e5839aae3036df8c34fb10dea10ac8523aa29310984	wine-build	build-macos/dlls/opencl/i386-windows/opencl.dll	P2
resource	Runtime/i386-windows/opengl32.dll	1986560	f25f6c9b02b5dd75d1705173ea629d67b57bfed9135f23a7eb5edcedc25d44a2	wine-build	build-macos/dlls/opengl32/i386-windows/opengl32.dll	P2
resource	Runtime/i386-windows/packager.dll	61440	22b620270aa0f4915e21103ea6a2e0ba5801fa77b8a1052cffee6f712a6afcbc	wine-build	build-macos/dlls/packager/i386-windows/packager.dll	P2
resource	Runtime/i386-windows/pdh.dll	94208	d339d0b882aea6b69b292d07ec499dde086cdc5f0c382a4ed7a336b8c4e6127c	wine-build	build-macos/dlls/pdh/i386-windows/pdh.dll	P2
resource	Runtime/i386-windows/photometadatahandler.dll	32768	3a18ae158c39f061112b2ba2ac73cd2cbad52bcbeb0674132ba6e585d716655f	wine-build	build-macos/dlls/photometadatahandler/i386-windows/photometadatahandler.dll	P2
resource	Runtime/i386-windows/pidgen.dll	40960	1b2286b44e1063c701aaf67cf9d5f5672cf9529cac5ef97c1a6b6670342508c7	wine-build	build-macos/dlls/pidgen/i386-windows/pidgen.dll	P2
resource	Runtime/i386-windows/powrprof.dll	53248	4321feda9216dc2a3521d90c618dc1b9fdb84c95ce7a7730bc3ec06b7820796b	wine-build	build-macos/dlls/powrprof/i386-windows/powrprof.dll	P2
resource	Runtime/i386-windows/printui.dll	45056	f4126423d983aafb21e247780bf9369fe39d80892af1032ba51112ae257760bf	wine-build	build-macos/dlls/printui/i386-windows/printui.dll	P2
resource	Runtime/i386-windows/prntvpt.dll	102400	f0821efbfb7139cab550cd1fc2a8b881a03f8c3254cc967e94a0ad75ce22892c	wine-build	build-macos/dlls/prntvpt/i386-windows/prntvpt.dll	P2
resource	Runtime/i386-windows/profapi.dll	28672	92353523e8ab2e8b52743fdfe5449ee9c11bfbbcf4d2063dbdbc77563329cd34	wine-build	build-macos/dlls/profapi/i386-windows/profapi.dll	P2
resource	Runtime/i386-windows/propsys.dll	344064	acb1278f0c29f6894975756558b93512b4c4f3fed5c04bbb3dc58a88ad4a87b9	wine-build	build-macos/dlls/propsys/i386-windows/propsys.dll	P2
resource	Runtime/i386-windows/psapi.dll	36864	73b5c900e17e9add795867999a4eabd0827eb6d2b7930ff9c7f6af8c3e78b525	wine-build	build-macos/dlls/psapi/i386-windows/psapi.dll	P2
resource	Runtime/i386-windows/pstorec.dll	65536	657ce8395cdb458a03c31352edf0fa23a5ef04e18ad9b831e291b7dc7c59314c	wine-build	build-macos/dlls/pstorec/i386-windows/pstorec.dll	P2
resource	Runtime/i386-windows/pwrshplugin.dll	32768	e12f7025631ee1f35d2a001835290c69678a8f93d68586073cb4739325d25634	wine-build	build-macos/dlls/pwrshplugin/i386-windows/pwrshplugin.dll	P2
resource	Runtime/i386-windows/qasf.dll	405504	b58b4550fa03b1b7015c32270441ca5aa7133f5193a011bc4f635db41f88e4d8	wine-build	build-macos/dlls/qasf/i386-windows/qasf.dll	P2
resource	Runtime/i386-windows/qcap.dll	458752	1d0f37027731236e0311d7fd2b5804be0bc236f4b926e01879ae18d89a043b6a	wine-build	build-macos/dlls/qcap/i386-windows/qcap.dll	P2
resource	Runtime/i386-windows/qdvd.dll	290816	cd551ab461e63a0677af6a8c87840cc1ebc7b6464bd245060ee706816d7e265f	wine-build	build-macos/dlls/qdvd/i386-windows/qdvd.dll	P2
resource	Runtime/i386-windows/qedit.dll	417792	d40b641833db865bb205e8462e6a72e812fb7608e58cbd4f6976d6655d7dc272	wine-build	build-macos/dlls/qedit/i386-windows/qedit.dll	P2
resource	Runtime/i386-windows/qmgr.dll	262144	7159fdd980867f2c52937aca34a3d57d7cdd8b4b9923c30f2aebfa52b4449806	wine-build	build-macos/dlls/qmgr/i386-windows/qmgr.dll	P2
resource	Runtime/i386-windows/qmgrprxy.dll	49152	5974e14e6484ee389e6c572bf24f5e04ec8ded3fe1fb8d8a990552fe6c410c46	wine-build	build-macos/dlls/qmgrprxy/i386-windows/qmgrprxy.dll	P2
resource	Runtime/i386-windows/quartz.dll	831488	cf22785d55359b2881f11bd42043e8901a707acdf76060aa3ce0be274905d25f	wine-build	build-macos/dlls/quartz/i386-windows/quartz.dll	P2
resource	Runtime/i386-windows/query.dll	45056	57464da75f5757140dbab710ff988af2ec3e30589e3c5a39e66322abe4b4fe2d	wine-build	build-macos/dlls/query/i386-windows/query.dll	P2
resource	Runtime/i386-windows/qwave.dll	32768	0ece393c362b3a6b17f800a29b88c1960a97503f11c082892c5f343c34fbad3a	wine-build	build-macos/dlls/qwave/i386-windows/qwave.dll	P2
resource	Runtime/i386-windows/rasapi32.dll	77824	593d87e2043685313c39ec5c328ba8c06402d97ecff4f24abdb62843ff874861	wine-build	build-macos/dlls/rasapi32/i386-windows/rasapi32.dll	P2
resource	Runtime/i386-windows/rasdlg.dll	40960	f9dfc8a619492129e436234609f51e191dc8ff43f3dc4425435589b91febcb3a	wine-build	build-macos/dlls/rasdlg/i386-windows/rasdlg.dll	P2
resource	Runtime/i386-windows/regapi.dll	45056	765eece1bf88996de22eec8dd8642811c502919840f5898879bb703c5898e59a	wine-build	build-macos/dlls/regapi/i386-windows/regapi.dll	P2
resource	Runtime/i386-windows/resampledmo.dll	700416	eed3c0ee65a383bad6a4ea2a22fbedaf3c74690a2ea72c61a1c87b53fd3e87bc	wine-build	build-macos/dlls/resampledmo/i386-windows/resampledmo.dll	P2
resource	Runtime/i386-windows/resutils.dll	49152	ca50850542833cf8382cf63470da58d5d5238efdffc60d98582eec9058399a03	wine-build	build-macos/dlls/resutils/i386-windows/resutils.dll	P2
resource	Runtime/i386-windows/riched20.dll	688128	276a7ee111923bd40df9cd212db01701a628f985cf82954acccb2eb143729585	wine-build	build-macos/dlls/riched20/i386-windows/riched20.dll	P2
resource	Runtime/i386-windows/riched32.dll	32768	fa04a813c1d0ba102537a8b33a45dcc246caa99032bf2aadc8da4b7c5cc5744c	wine-build	build-macos/dlls/riched32/i386-windows/riched32.dll	P2
resource	Runtime/i386-windows/rometadata.dll	131072	a9546541def1d1f0d0e42f06c9524c4ad43294509cbcabdd3d472c4ba70c5ff3	wine-build	build-macos/dlls/rometadata/i386-windows/rometadata.dll	P2
resource	Runtime/i386-windows/rpcrt4.dll	884736	799bd01057c7a541274e2773d10099db89ee860a6f001df193d94e8333510df4	wine-build	build-macos/dlls/rpcrt4/i386-windows/rpcrt4.dll	P2
resource	Runtime/i386-windows/rsabase.dll	24576	5d8988adc4faa16652d8615d448b0c79ef4657c13f4db212abca1fabe93201e0	wine-build	build-macos/dlls/rsabase/i386-windows/rsabase.dll	P2
resource	Runtime/i386-windows/rsaenh.dll	348160	ebbe4f4e9586936d0a2890511db1aa52746f7fa4ab79cdd05275cfa93e65cebb	wine-build	build-macos/dlls/rsaenh/i386-windows/rsaenh.dll	P2
resource	Runtime/i386-windows/rstrtmgr.dll	36864	d89d8fb16b39d5696da4e69e2227d05b879996cb29601636db4acb1c22126555	wine-build	build-macos/dlls/rstrtmgr/i386-windows/rstrtmgr.dll	P2
resource	Runtime/i386-windows/rtscom.dll	65536	e92a0b31c771022793379100a923751c08d9008b75103411bd4b0a212e0a4a68	wine-build	build-macos/dlls/rtscom/i386-windows/rtscom.dll	P2
resource	Runtime/i386-windows/rtutils.dll	49152	81df52665fa6a16a4dfeafb6520e036d789377b4bf1c8a54facaf0458940d3cb	wine-build	build-macos/dlls/rtutils/i386-windows/rtutils.dll	P2
resource	Runtime/i386-windows/rtworkq.dll	73728	db975625e260af0e80e0bf0d3d514e984eed6462bfd4f959efe4327b3adc4047	wine-build	build-macos/dlls/rtworkq/i386-windows/rtworkq.dll	P2
resource	Runtime/i386-windows/samlib.dll	45056	0f95ac4ba2c1124683dea0014c9993053cc0055e692e701bacf0731bab7ae54a	wine-build	build-macos/dlls/samlib/i386-windows/samlib.dll	P2
resource	Runtime/i386-windows/sapi.dll	540672	28adc2b627633a9f958e227ee53506059f1950b5d81651f15db0f08f8596ec11	wine-build	build-macos/dlls/sapi/i386-windows/sapi.dll	P2
resource	Runtime/i386-windows/sas.dll	28672	445865459362a85e4c9be7cca0e5872502da7fe588f5f85d16280f847f48cda0	wine-build	build-macos/dlls/sas/i386-windows/sas.dll	P2
resource	Runtime/i386-windows/scarddlg.dll	28672	ac5c8229732ccd597319f83a4b5e5c641e71833d574cec5536f79fcb89213667	wine-build	build-macos/dlls/scarddlg/i386-windows/scarddlg.dll	P2
resource	Runtime/i386-windows/scardsvr.dll	32768	38fc28b0e0637764cfdc6f1136b5764c226a75ce9bfbbab76e939a8a5b772106	wine-build	build-macos/dlls/scardsvr/i386-windows/scardsvr.dll	P2
resource	Runtime/i386-windows/sccbase.dll	32768	fadb9484a314cad36c75110152603a06744392df2d61904ce4839fea45610ecd	wine-build	build-macos/dlls/sccbase/i386-windows/sccbase.dll	P2
resource	Runtime/i386-windows/schannel.dll	40960	93e650d4218862c8b8d1b33d2d57f6ec7c001c49d33887e883d95bb33a5d11c3	wine-build	build-macos/dlls/schannel/i386-windows/schannel.dll	P2
resource	Runtime/i386-windows/schedsvc.dll	98304	eb5900f1362d06cdf71912c1e79a1bb05d4c822a780181a7ae242f94a6b78171	wine-build	build-macos/dlls/schedsvc/i386-windows/schedsvc.dll	P2
resource	Runtime/i386-windows/scrobj.dll	270336	0bf1f50dcf9bbd4d6de539d249db2bec99bcccf92ec1c9d7eef07b4db3de05fa	wine-build	build-macos/dlls/scrobj/i386-windows/scrobj.dll	P2
resource	Runtime/i386-windows/scrrun.dll	348160	1137aa484ffcd160a139c8a9748f34e045b2a6890302669cce8ec21e36570645	wine-build	build-macos/dlls/scrrun/i386-windows/scrrun.dll	P2
resource	Runtime/i386-windows/sechost.dll	163840	d35e7adf9b95f989f76c4f0c4e25cc13ed3e1d76aa0145553b17c5bb119c8606	wine-build	build-macos/dlls/sechost/i386-windows/sechost.dll	P2
resource	Runtime/i386-windows/secur32.dll	155648	6905807e6a977b426a60272aa52d6c9d0587fe6debb3984cc231afabb5972ef9	wine-build	build-macos/dlls/secur32/i386-windows/secur32.dll	P2
resource	Runtime/i386-windows/security.dll	8192	61b57586694ea06a696d28ec6db7c36865b218a4a99cef9006014a1b17f7322c	wine-build	build-macos/dlls/security/i386-windows/security.dll	P2
resource	Runtime/i386-windows/sensapi.dll	32768	6be4710440433454157c2bbc468483cd1fd4f4d734ef0388813e417f1e20a453	wine-build	build-macos/dlls/sensapi/i386-windows/sensapi.dll	P2
resource	Runtime/i386-windows/serialui.dll	69632	96abaef52e7c75f4728c42002f967545ab5da42d5a852b7417b94d390f14b2ff	wine-build	build-macos/dlls/serialui/i386-windows/serialui.dll	P2
resource	Runtime/i386-windows/setupapi.dll	704512	5efa342c12da038912cda05efbc7cda2da02bebc06c8b148ccad57affe18fc3d	wine-build	build-macos/dlls/setupapi/i386-windows/setupapi.dll	P2
resource	Runtime/i386-windows/sfc.dll	8192	ca5b40b4fb84201431d47e24559250e1bfcbfab3ddc69ade7d453d58bcff6506	wine-build	build-macos/dlls/sfc/i386-windows/sfc.dll	P2
resource	Runtime/i386-windows/sfc_os.dll	36864	004a1f7d60cd1a55d0b2966a1455167533cf17dcdefa815c27d06581f1065448	wine-build	build-macos/dlls/sfc_os/i386-windows/sfc_os.dll	P2
resource	Runtime/i386-windows/shcore.dll	135168	7e61ed8a5f4c236a30f5234d7dae800329c7238bb03484424c08dde72b3ed20b	wine-build	build-macos/dlls/shcore/i386-windows/shcore.dll	P2
resource	Runtime/i386-windows/shdoclc.dll	221184	9e47ee7df25a2bc9c2919a2c3d261700ad3d8f24c8437a5cb0559ccbb35abfaa	wine-build	build-macos/dlls/shdoclc/i386-windows/shdoclc.dll	P2
resource	Runtime/i386-windows/shdocvw.dll	303104	758ba61cdddf6b9e86d497409d7f01689668df3513b40ee6c901665c1c41bcab	wine-build	build-macos/dlls/shdocvw/i386-windows/shdocvw.dll	P2
resource	Runtime/i386-windows/shell32.dll	10215424	6082827b53903fe5a54aa07321a9a369246d93bf2724f066cc65fdf9822e1bbf	wine-build	build-macos/dlls/shell32/i386-windows/shell32.dll	P2
resource	Runtime/i386-windows/shfolder.dll	24576	8695f42910349a8a493d2e77f2c7b4aa411d0f7b196711f651ab5fce33bb1ca5	wine-build	build-macos/dlls/shfolder/i386-windows/shfolder.dll	P2
resource	Runtime/i386-windows/shlwapi.dll	520192	a8cbf8e44936f240fb980007532afa3fa2fb868b31785ea59d045ea54dffbaf0	wine-build	build-macos/dlls/shlwapi/i386-windows/shlwapi.dll	P2
resource	Runtime/i386-windows/slbcsp.dll	32768	c7414c06db4525ccf3f5e73c979fe93b99c2df12236e2b44832971953c9a685f	wine-build	build-macos/dlls/slbcsp/i386-windows/slbcsp.dll	P2
resource	Runtime/i386-windows/slc.dll	40960	50e9528fb45d94f23ee2f525b14a578c0efbfd35a6ec7c1efd337ced5a8f7923	wine-build	build-macos/dlls/slc/i386-windows/slc.dll	P2
resource	Runtime/i386-windows/snmpapi.dll	53248	e0c9f4d074ddce1f80b768395fa319fc0bf2c6e63d01d90bddded9261b961440	wine-build	build-macos/dlls/snmpapi/i386-windows/snmpapi.dll	P2
resource	Runtime/i386-windows/softpub.dll	28672	93b52043edac48d3994ace82adbd5031ff0751c47e67aa11a4a87c3076a4e4ab	wine-build	build-macos/dlls/softpub/i386-windows/softpub.dll	P2
resource	Runtime/i386-windows/spoolss.dll	86016	16285ba850a390c4004ca00e1929d5e564f58303cf69a219cd2065ecc1d311c0	wine-build	build-macos/dlls/spoolss/i386-windows/spoolss.dll	P2
resource	Runtime/i386-windows/sppc.dll	53248	e604fe398e3544f8f51c120813f3d39fa7af3c167777a546499dfccddfa5c1b2	wine-build	build-macos/dlls/sppc/i386-windows/sppc.dll	P2
resource	Runtime/i386-windows/srclient.dll	28672	e8e975d75090dccbc7373cf1745048ea1144506520174a8b5c236c3006fc358a	wine-build	build-macos/dlls/srclient/i386-windows/srclient.dll	P2
resource	Runtime/i386-windows/srvcli.dll	36864	9167d11cfba52303c1ea771c025d256de1c0392c1d54ab6913bc00354e8cf3ab	wine-build	build-macos/dlls/srvcli/i386-windows/srvcli.dll	P2
resource	Runtime/i386-windows/srvsvc.dll	32768	3a79ed1c69705352e7284353f2ba5ba188ecebac24ffe87f8f135962d438f1b5	wine-build	build-macos/dlls/srvsvc/i386-windows/srvsvc.dll	P2
resource	Runtime/i386-windows/sspicli.dll	57344	6c35f39e5ac233b9b53601293a05d089665cdf533e3a9500dd02c02cd01a73c5	wine-build	build-macos/dlls/sspicli/i386-windows/sspicli.dll	P2
resource	Runtime/i386-windows/sti.dll	233472	ddc92425d5c6d22178a49ce3ef1a4dafaa60fa282697f3d386a0c065d582f090	wine-build	build-macos/dlls/sti/i386-windows/sti.dll	P2
resource	Runtime/i386-windows/strmdll.dll	32768	91c05ebf477de8bc700c7eee299dc5d9cc73e693bd4d9101f1d9ca18700c62ef	wine-build	build-macos/dlls/strmdll/i386-windows/strmdll.dll	P2
resource	Runtime/i386-windows/svrapi.dll	28672	fd79ddc20a528c835b32d03df3bb026e32cf75bbb35c0e03e64bc946c8eeae9a	wine-build	build-macos/dlls/svrapi/i386-windows/svrapi.dll	P2
resource	Runtime/i386-windows/sxs.dll	73728	2d784d2cb98dccbf3b95e19d33ff1061c7056308faab246997bf6584546989a6	wine-build	build-macos/dlls/sxs/i386-windows/sxs.dll	P2
resource	Runtime/i386-windows/t2embed.dll	40960	35e63a9c14c2b36f9bcaff9a2299b0256d5fadb09a16a2e237731ac52c4b32c0	wine-build	build-macos/dlls/t2embed/i386-windows/t2embed.dll	P2
resource	Runtime/i386-windows/tapi32.dll	204800	6e2344f17e03378bea1effbe18c7a2d0f1633359af5cd0e109affaa6588ee600	wine-build	build-macos/dlls/tapi32/i386-windows/tapi32.dll	P2
resource	Runtime/i386-windows/taskschd.dll	266240	fdc737506926d0256ba90ad5403ef04920b8b1812097a9e8dd67373ef18c2a7e	wine-build	build-macos/dlls/taskschd/i386-windows/taskschd.dll	P2
resource	Runtime/i386-windows/tbs.dll	36864	c0cabc78b917b74f2012a6e9654ef9ae90b4ef2c48250fe54543414edb0c4f24	wine-build	build-macos/dlls/tbs/i386-windows/tbs.dll	P2
resource	Runtime/i386-windows/tdh.dll	45056	7766cc1e3596be63793e3dba958aa89b1bf8b9ced575c3a64cd33bc72cf7978c	wine-build	build-macos/dlls/tdh/i386-windows/tdh.dll	P2
resource	Runtime/i386-windows/threadpoolwinrt.dll	229376	19941b57daaf708ea12381713a33f8503390ae29bd2d57f074540c078aaeade5	wine-build	build-macos/dlls/threadpoolwinrt/i386-windows/threadpoolwinrt.dll	P2
resource	Runtime/i386-windows/thumbcache.dll	212992	b207ae30fb5b2a1ab3e41c58297861d78f0762c63501c8dfea6a58b19206f39e	wine-build	build-macos/dlls/thumbcache/i386-windows/thumbcache.dll	P2
resource	Runtime/i386-windows/tiptsf.dll	69632	3c0458c209a1d45f024c18771f06159591bfa2c124a3e4fa369c5e7834878730	wine-build	build-macos/dlls/tiptsf/i386-windows/tiptsf.dll	P2
resource	Runtime/i386-windows/traffic.dll	36864	8fbd7d04d59cc3e867937cc37fe64c5184bf8e61f2384c73eaca80a7a505aca2	wine-build	build-macos/dlls/traffic/i386-windows/traffic.dll	P2
resource	Runtime/i386-windows/twain_32.dll	28672	47a2ad4416b40844769e35184da0525cc343b15cd390baf0033f091de8cc40c5	wine-build	build-macos/dlls/twain_32/i386-windows/twain_32.dll	P2
resource	Runtime/i386-windows/twaindsm.dll	61440	bd3e8caee15a21e95eb09ee3579e3e0504bd960f16fd8c77fa967faa54a594cc	wine-build	build-macos/dlls/twaindsm/i386-windows/twaindsm.dll	P2
resource	Runtime/i386-windows/twinapi.appcore.dll	245760	af1dc9fcd1b545ff9529cf47320364f424110fd47b0a9ffffe5f9a1815184d10	wine-build	build-macos/dlls/twinapi.appcore/i386-windows/twinapi.appcore.dll	P2
resource	Runtime/i386-windows/tzres.dll	532480	41cd3ec7bcae6e8a89991f37834fced4c2ade490089480583ad2d8e489e6d032	wine-build	build-macos/dlls/tzres/i386-windows/tzres.dll	P2
resource	Runtime/i386-windows/ucrtbase.dll	1200128	3447bc743eb79e9a51a3dbd96a68e90ff6a3b1e7310217e583cb8bdfdb25e73c	wine-build	build-macos/dlls/ucrtbase/i386-windows/ucrtbase.dll	P2
resource	Runtime/i386-windows/uianimation.dll	258048	50c9ee080035d796dc18d72f2732c2d0673fdada54fa7dc6905832eed564234b	wine-build	build-macos/dlls/uianimation/i386-windows/uianimation.dll	P2
resource	Runtime/i386-windows/uiautomationcore.dll	655360	4bda26b86eef8e7ddf461b2145b1b60bd5c1d75b74f54bd32f71006ecbc189cc	wine-build	build-macos/dlls/uiautomationcore/i386-windows/uiautomationcore.dll	P2
resource	Runtime/i386-windows/uiribbon.dll	212992	7f58785d5a87b0a06041a6166e78d225723509d3268b06a484c59c1f44a6fef5	wine-build	build-macos/dlls/uiribbon/i386-windows/uiribbon.dll	P2
resource	Runtime/i386-windows/unicows.dll	147456	300fe2f353ef26277896dccc2946fcd4fcf13e459a1915e44ed77d94fd6a5fe6	wine-build	build-macos/dlls/unicows/i386-windows/unicows.dll	P2
resource	Runtime/i386-windows/updspapi.dll	36864	812a3418a7dc85132300ba77894ae9accada1b7b741acd7bd92791e7afb12f77	wine-build	build-macos/dlls/updspapi/i386-windows/updspapi.dll	P2
resource	Runtime/i386-windows/url.dll	36864	9d746c2f4ed25873c4adbde17373c0c8cfaccf15c4a2b1f7c2e6859b88d5bb60	wine-build	build-macos/dlls/url/i386-windows/url.dll	P2
resource	Runtime/i386-windows/urlmon.dll	630784	048174dd8ad030c142cef6af70f23a0a5858e0db8417cd3caed3445c19c64f67	wine-build	build-macos/dlls/urlmon/i386-windows/urlmon.dll	P2
resource	Runtime/i386-windows/user32.dll	2195456	77d0971d54a78972a0b4920c7afb89edad0bbfbe5f47aa9c6e8e84e5b1624bae	wine-build	build-macos/dlls/user32/i386-windows/user32.dll	P2
resource	Runtime/i386-windows/userenv.dll	53248	5c6e921a93824ab60102b07e7fa4831b220ea84c6ca8d6379b00c9fe937fb4b5	wine-build	build-macos/dlls/userenv/i386-windows/userenv.dll	P2
resource	Runtime/i386-windows/usp10.dll	8192	adcdf598b3cb44d3d277dd9b46834f293c53a315f7bd5cabbd3269511f7c1ff5	wine-build	build-macos/dlls/usp10/i386-windows/usp10.dll	P2
resource	Runtime/i386-windows/utildll.dll	32768	cc08d0351ed2ebc89127e045de7f8ccf3818a5b645bb905087cbcd06a31dc961	wine-build	build-macos/dlls/utildll/i386-windows/utildll.dll	P2
resource	Runtime/i386-windows/uxtheme.dll	241664	63c779539ec134b8d15711c925035e816cf982542fed01a105182b1c01c865f4	wine-build	build-macos/dlls/uxtheme/i386-windows/uxtheme.dll	P2
resource	Runtime/i386-windows/vbscript.dll	634880	d320586452fa1ce58476244b1b1fd9ef885a527d5707d73d01c8ac9af8b41dc7	wine-build	build-macos/dlls/vbscript/i386-windows/vbscript.dll	P2
resource	Runtime/i386-windows/vccorlib140.dll	221184	4ffc007db3b89c7126f59aa2a582f5f1a4a6aa07bacc14bc8cc160ad2c7606ea	wine-build	build-macos/dlls/vccorlib140/i386-windows/vccorlib140.dll	P2
resource	Runtime/i386-windows/vcomp.dll	73728	4095063e0384ff63ff3b7b087e24826d61a342b3113bdcd2b851cc23420cf958	wine-build	build-macos/dlls/vcomp/i386-windows/vcomp.dll	P2
resource	Runtime/i386-windows/vcomp100.dll	73728	fdb509f7005468008e33dacaa0f4652dea1e7d1c4865e9ef299f63160ae5c02c	wine-build	build-macos/dlls/vcomp100/i386-windows/vcomp100.dll	P2
resource	Runtime/i386-windows/vcomp110.dll	73728	d0dff23f4bb54432a3089a71c19aed8b6d5b3d0671be95115c8868d97e84e70f	wine-build	build-macos/dlls/vcomp110/i386-windows/vcomp110.dll	P2
resource	Runtime/i386-windows/vcomp120.dll	73728	4d2ab25cf77498c06fa53997d824fe2da89ce7050dd2605f19c9ce92173c5090	wine-build	build-macos/dlls/vcomp120/i386-windows/vcomp120.dll	P2
resource	Runtime/i386-windows/vcomp140.dll	73728	b2cd02433a36e6b472ed80334b58a2901a76d04ec1977b2f2d36dd0814071e12	wine-build	build-macos/dlls/vcomp140/i386-windows/vcomp140.dll	P2
resource	Runtime/i386-windows/vcomp90.dll	32768	c5dbc225fb35bf73f2e1bd8684d51ae96d9802fea19b7a242d9333adbd621e02	wine-build	build-macos/dlls/vcomp90/i386-windows/vcomp90.dll	P2
resource	Runtime/i386-windows/vcruntime140.dll	40960	e25b79faaa86a0853eda0cf85ce808562ce69c27e827cafbb9035bef13385d27	wine-build	build-macos/dlls/vcruntime140/i386-windows/vcruntime140.dll	P2
resource	Runtime/i386-windows/vdmdbg.dll	36864	5cd09a4778657fd51d9fd4ffa67c526514e39069336434a1aea2afae24b84858	wine-build	build-macos/dlls/vdmdbg/i386-windows/vdmdbg.dll	P2
resource	Runtime/i386-windows/version.dll	40960	d483665598660e001bf05c9a6ee78a48532e078a000781bb6097ade7625c8a98	wine-build	build-macos/dlls/version/i386-windows/version.dll	P2
resource	Runtime/i386-windows/vga.dll	24576	3b3d72337a77eb6e25587882d9767e26d9c8f7d0ba371e1bf6ea3f0e514af86b	wine-build	build-macos/dlls/vga/i386-windows/vga.dll	P2
resource	Runtime/i386-windows/vidreszr.dll	1867776	44502e2970a43fdb0b16d670641a317ddb6dda8ac65f7bb9f399ffcdbbaef178	wine-build	build-macos/dlls/vidreszr/i386-windows/vidreszr.dll	P2
resource	Runtime/i386-windows/virtdisk.dll	36864	bd72ebc25f4a484e890236d8b6916bf8868d2cd34444e4134acc72886bdb8b83	wine-build	build-macos/dlls/virtdisk/i386-windows/virtdisk.dll	P2
resource	Runtime/i386-windows/vssapi.dll	57344	e8fe8913f9c4eef70376cf971abfec1e88c87649c62fd03b53a931c2e747ccf2	wine-build	build-macos/dlls/vssapi/i386-windows/vssapi.dll	P2
resource	Runtime/i386-windows/vulkan-1.dll	49152	1da9413538260395b93c13b138249f93e070f4df023e64a3847244d0e53c130d	wine-build	build-macos/dlls/vulkan-1/i386-windows/vulkan-1.dll	P2
resource	Runtime/i386-windows/w32skrnl.dll	57344	817bdd949107ac7681fbfb54ea102c2d6d27a415c6b98fa6303d7add9e7bac68	wine-build	build-macos/dlls/w32skrnl/i386-windows/w32skrnl.dll	P2
resource	Runtime/i386-windows/wbemdisp.dll	196608	a9b0a46c45fd46da0e5ce7048d70da7621bf779bca233b2db068c0ed082664db	wine-build	build-macos/dlls/wbemdisp/i386-windows/wbemdisp.dll	P2
resource	Runtime/i386-windows/wbemprox.dll	339968	f09a2ce407ad63ae32e9025475d74ed8a3f422c5f0c39d6f4e3b21839b37d19d	wine-build	build-macos/dlls/wbemprox/i386-windows/wbemprox.dll	P2
resource	Runtime/i386-windows/wdscore.dll	53248	3fb68ac51d271735f3e6fc1b8aebf42e1d7a6eab762306acf9ce2a331db2a427	wine-build	build-macos/dlls/wdscore/i386-windows/wdscore.dll	P2
resource	Runtime/i386-windows/webservices.dll	389120	507a997c76aa768421f5dfea865ba86ba3a9000ee91dc2964bbfdcde874e2fae	wine-build	build-macos/dlls/webservices/i386-windows/webservices.dll	P2
resource	Runtime/i386-windows/websocket.dll	32768	d877be9770b0b34f9528df1ec6671483758e5e8b00cf543889bd2c1294f7ec58	wine-build	build-macos/dlls/websocket/i386-windows/websocket.dll	P2
resource	Runtime/i386-windows/wer.dll	57344	40748974093b35104a5c673c36efae620e16e3edad0667dfbaae80849cffff7a	wine-build	build-macos/dlls/wer/i386-windows/wer.dll	P2
resource	Runtime/i386-windows/wevtapi.dll	49152	bfa48113c96d77ac41448cb5f67861ed96d8768a8991eef3b56a0cc34c8e0e2e	wine-build	build-macos/dlls/wevtapi/i386-windows/wevtapi.dll	P2
resource	Runtime/i386-windows/wevtsvc.dll	32768	92a02c8c7681d520f5966af59231880556385deb36e2887f4d0f01b8954f0ef2	wine-build	build-macos/dlls/wevtsvc/i386-windows/wevtsvc.dll	P2
resource	Runtime/i386-windows/wiaservc.dll	237568	0893ff465517b3e584915808a30460f85466ce15ba2da44c9603b57ff1ea2857	wine-build	build-macos/dlls/wiaservc/i386-windows/wiaservc.dll	P2
resource	Runtime/i386-windows/wimgapi.dll	40960	b403d1d6fc10bd05918f6ea664058e62a531079ce77596a23e832ea9a6c5d912	wine-build	build-macos/dlls/wimgapi/i386-windows/wimgapi.dll	P2
resource	Runtime/i386-windows/win32u.dll	368640	58ff2591e7ce324bedbbfdd6d4bd3635185764f67e7e1351dcd5f13cfae836a4	wine-build	build-macos/dlls/win32u/i386-windows/win32u.dll	P2
resource	Runtime/i386-windows/winbio.dll	49152	c5b5f30841bc7d74d8fa79c59676f5bf6eeffb608224419de44111b747074349	wine-build	build-macos/dlls/winbio/i386-windows/winbio.dll	P2
resource	Runtime/i386-windows/winbrand.dll	36864	135e8bcdcb6fb5976c1391976a7cf791915f9b6dc72ab9eb43b16ea38ef6d403	wine-build	build-macos/dlls/winbrand/i386-windows/winbrand.dll	P2
resource	Runtime/i386-windows/windows.applicationmodel.dll	114688	bfe2ed28278d5fd3c36eb6a6e5dc00cf0578c56b2ecfc05599181a6353c52cef	wine-build	build-macos/dlls/windows.applicationmodel/i386-windows/windows.applicationmodel.dll	P2
resource	Runtime/i386-windows/windows.devices.bluetooth.dll	176128	5da3c01a178c3c7e5eb18d07c11bdaf82daa7b5bf72ff5d2b2f8b33f6716bcd8	wine-build	build-macos/dlls/windows.devices.bluetooth/i386-windows/windows.devices.bluetooth.dll	P2
resource	Runtime/i386-windows/windows.devices.enumeration.dll	188416	2593c0684dc801450176a72b00da6ea62da3525b0117d9b55b36ee3248df4e7b	wine-build	build-macos/dlls/windows.devices.enumeration/i386-windows/windows.devices.enumeration.dll	P2
resource	Runtime/i386-windows/windows.devices.radios.dll	90112	368d837fec122df34d0a57f7f87f5f8586b2b0bca813c7162b7dd9f2e85cd171	wine-build	build-macos/dlls/windows.devices.radios/i386-windows/windows.devices.radios.dll	P2
resource	Runtime/i386-windows/windows.devices.usb.dll	69632	6122a9d7b39c11b07b120de7cddddc051d1c7aa872b483196cb8c6d5439af1e2	wine-build	build-macos/dlls/windows.devices.usb/i386-windows/windows.devices.usb.dll	P2
resource	Runtime/i386-windows/windows.gaming.input.dll	225280	4266e768c09773e126f0735c4f7b3f12f738cab0b13b1db5c8db9b85bb1cc21f	wine-build	build-macos/dlls/windows.gaming.input/i386-windows/windows.gaming.input.dll	P2
resource	Runtime/i386-windows/windows.gaming.ui.gamebar.dll	57344	5d7238bd20ea6cce8362c66eb27667c3feaea3e6e8bacd365bcfbe73190d35eb	wine-build	build-macos/dlls/windows.gaming.ui.gamebar/i386-windows/windows.gaming.ui.gamebar.dll	P2
resource	Runtime/i386-windows/windows.globalization.dll	106496	b2854b1c9203fc93fae6f02b80f727e67a2c7624db1693b87be97659494326b3	wine-build	build-macos/dlls/windows.globalization/i386-windows/windows.globalization.dll	P2
resource	Runtime/i386-windows/windows.graphics.dll	61440	be6d69857ba34f886a40081acd4695c01ebf7b1e263f02e84e3eed442b2df7bf	wine-build	build-macos/dlls/windows.graphics/i386-windows/windows.graphics.dll	P2
resource	Runtime/i386-windows/windows.media.devices.dll	69632	e8a2f0f8942a910c828dd8aa864534925c0be5758a481f3d4d3a3384ab585289	wine-build	build-macos/dlls/windows.media.devices/i386-windows/windows.media.devices.dll	P2
resource	Runtime/i386-windows/windows.media.dll	102400	4c08bce8bfb1aacd0eb00e32da05fe152826d39dcfe5eb35d31aa1598026a07b	wine-build	build-macos/dlls/windows.media/i386-windows/windows.media.dll	P2
resource	Runtime/i386-windows/windows.media.mediacontrol.dll	106496	bdc066195b9a6a7c83bf598036119d7fdf1286a76a94edcfa1981d958371f16e	wine-build	build-macos/dlls/windows.media.mediacontrol/i386-windows/windows.media.mediacontrol.dll	P2
resource	Runtime/i386-windows/windows.media.playback.backgroundmediaplayer.dll	122880	16de63b05df5e6f709164b87238baabb71751764780c4fa75a1944ff304209bf	wine-build	build-macos/dlls/windows.media.playback.backgroundmediaplayer/i386-windows/windows.media.playback.backgroundmediaplayer.dll	P2
resource	Runtime/i386-windows/windows.media.playback.mediaplayer.dll	131072	a7f10377e0200ad48dacbb8a7cc304f59e7ad213bc616bcda62548153971cac7	wine-build	build-macos/dlls/windows.media.playback.mediaplayer/i386-windows/windows.media.playback.mediaplayer.dll	P2
resource	Runtime/i386-windows/windows.media.speech.dll	233472	f3ab19fb644fbc6ad806105753d74e63bc1e29a47941bec91cd5db5dae1f4862	wine-build	build-macos/dlls/windows.media.speech/i386-windows/windows.media.speech.dll	P2
resource	Runtime/i386-windows/windows.networking.connectivity.dll	86016	8adc46f9f8cd58e108d8e9bf11b11548e9766a88dc82e8e5fa107226e09f4c12	wine-build	build-macos/dlls/windows.networking.connectivity/i386-windows/windows.networking.connectivity.dll	P2
resource	Runtime/i386-windows/windows.networking.dll	36864	a98e98351ef6ec6191d9387d9597e186cd18ded9df9bfa1b80e3e8d4cc34cd11	wine-build	build-macos/dlls/windows.networking/i386-windows/windows.networking.dll	P2
resource	Runtime/i386-windows/windows.networking.hostname.dll	77824	486b504d3c2becf72e641fa1a3e17dc752e894df6b4456a87e60b98881bb510d	wine-build	build-macos/dlls/windows.networking.hostname/i386-windows/windows.networking.hostname.dll	P2
resource	Runtime/i386-windows/windows.perception.stub.dll	122880	9d42b0bfddf2abacafae0dcee8584a680964268474bb335d2efc265ba0b8d73b	wine-build	build-macos/dlls/windows.perception.stub/i386-windows/windows.perception.stub.dll	P2
resource	Runtime/i386-windows/windows.security.authentication.onlineid.dll	86016	407fb7b17372ae10985fac23f52037ab1643ce3901d4fb2b4f8989cc182afa13	wine-build	build-macos/dlls/windows.security.authentication.onlineid/i386-windows/windows.security.authentication.onlineid.dll	P2
resource	Runtime/i386-windows/windows.security.credentials.ui.userconsentverifier.dll	73728	ae5e028d64234d76173aa3f33f6898f15ca932ec2c4bb3668c81b90dd2b2485e	wine-build	build-macos/dlls/windows.security.credentials.ui.userconsentverifier/i386-windows/windows.security.credentials.ui.userconsentverifier.dll	P2
resource	Runtime/i386-windows/windows.storage.applicationdata.dll	77824	287d86e1dff88665ea842dad41d3f1e4d46a383d1a033430de1f1dbf6b688f1c	wine-build	build-macos/dlls/windows.storage.applicationdata/i386-windows/windows.storage.applicationdata.dll	P2
resource	Runtime/i386-windows/windows.storage.dll	229376	041c2b012351a9f6ee99564f4b09fca4e7c9ae77c49004beb93354cf5a2bcde3	wine-build	build-macos/dlls/windows.storage/i386-windows/windows.storage.dll	P2
resource	Runtime/i386-windows/windows.system.profile.systemid.dll	77824	fc2cf01103045fcf7dc8c07f5d73821e8e0b7e210523a491acb58b819a5dc11f	wine-build	build-macos/dlls/windows.system.profile.systemid/i386-windows/windows.system.profile.systemid.dll	P2
resource	Runtime/i386-windows/windows.system.profile.systemmanufacturers.dll	57344	e1badb8c4db7bc0b532c548dcda83e49f18554a2cff2c29b67d2fa970aaffc18	wine-build	build-macos/dlls/windows.system.profile.systemmanufacturers/i386-windows/windows.system.profile.systemmanufacturers.dll	P2
resource	Runtime/i386-windows/windows.ui.core.textinput.dll	155648	58a948341bf28c8aafaad9dca7400c5ce13bbd62a7e0ce1848623cd470ae2e83	wine-build	build-macos/dlls/windows.ui.core.textinput/i386-windows/windows.ui.core.textinput.dll	P2
resource	Runtime/i386-windows/windows.ui.dll	155648	a7d0d2ad9814dcf5acce961cc1261fae03bbc71aada3c3ce24345d105d2d9015	wine-build	build-macos/dlls/windows.ui/i386-windows/windows.ui.dll	P2
resource	Runtime/i386-windows/windows.ui.xaml.dll	57344	9f899cc4b0d1f72dc8e280d41971e35900512c350d89382cd06ca63dd7062816	wine-build	build-macos/dlls/windows.ui.xaml/i386-windows/windows.ui.xaml.dll	P2
resource	Runtime/i386-windows/windows.web.dll	86016	044b408aa87b2aa9924c0fa04d35be3cbee50b36a4853485103e9443d85459fe	wine-build	build-macos/dlls/windows.web/i386-windows/windows.web.dll	P2
resource	Runtime/i386-windows/windowscodecs.dll	1835008	2a9ade4c4a10209ad1430258f4c1a359c8bce35d8fab124a182257ecb39b3729	wine-build	build-macos/dlls/windowscodecs/i386-windows/windowscodecs.dll	P2
resource	Runtime/i386-windows/windowscodecsext.dll	57344	ab6c400e292b638481d8f4c42a4ce689becbf55296af8056ec94fc77de9b81b5	wine-build	build-macos/dlls/windowscodecsext/i386-windows/windowscodecsext.dll	P2
resource	Runtime/i386-windows/wined3d.dll	4313088	3843bc0e0886fe4dd9081039862ead216d447a17b295b832af8df656e1827cc4	wine-build	build-macos/dlls/wined3d/i386-windows/wined3d.dll	P2
resource	Runtime/i386-windows/winedmo.dll	86016	376d8561a8eb06dfa869a8a423d16a8070c12e410de3239f089462f95969bdd1	wine-build	build-macos/dlls/winedmo/i386-windows/winedmo.dll	P2
resource	Runtime/i386-windows/winegstreamer.dll	602112	34bdfd6ea8c15d5ed6a46d81a907472782a17289beb6625c9128069e25a5e79e	wine-build	build-macos/dlls/winegstreamer/i386-windows/winegstreamer.dll	P2
resource	Runtime/i386-windows/winemac.drv	49152	ee3ccaf59d45880a12e702efd86c84ca95165dbb2ecc3daa032ba967aadd570e	wine-build	build-macos/dlls/winemac.drv/i386-windows/winemac.drv	P2
resource	Runtime/i386-windows/winemapi.dll	45056	550203a11c123778be2a7c1448fd15e246615ee372e411d2818c87edfc3d7879	wine-build	build-macos/dlls/winemapi/i386-windows/winemapi.dll	P2
resource	Runtime/i386-windows/wineps.drv	679936	fa3f48c08399328abaaf4af4d58e84b5b074fb06943162f97c5787b39f1fde5a	wine-build	build-macos/dlls/wineps.drv/i386-windows/wineps.drv	P2
resource	Runtime/i386-windows/winevulkan.dll	360448	c899ee0d0bbaad683b39069ada8eb1c92632333b12ccbc022ca47da5535ce6ac	wine-build	build-macos/dlls/winevulkan/i386-windows/winevulkan.dll	P2
resource	Runtime/i386-windows/wing32.dll	28672	0d77db7677358dbe41872464c97dd46792f1e91023503992192a8482a7cd2ded	wine-build	build-macos/dlls/wing32/i386-windows/wing32.dll	P2
resource	Runtime/i386-windows/winhttp.dll	450560	c7eb07997c8ab8352afb16ad8eb6ed09eea8b34905a6417d254ba202f0de4082	wine-build	build-macos/dlls/winhttp/i386-windows/winhttp.dll	P2
resource	Runtime/i386-windows/wininet.dll	598016	50e6dc930cc2ce161686e0a15bdcc766666c0c0883099b454877784d41fa4e6f	wine-build	build-macos/dlls/wininet/i386-windows/wininet.dll	P2
resource	Runtime/i386-windows/winmm.dll	843776	3cf20f7a8f52341b7235324fdfe0ee4fc3bb4ee330f7d40609ea3daf169ce1c2	wine-build	build-macos/dlls/winmm/i386-windows/winmm.dll	P2
resource	Runtime/i386-windows/winnls32.dll	28672	651a7c50cdce5151dcaca7102a9eb974b40f8a767e3299629f6dda2d50d3bd41	wine-build	build-macos/dlls/winnls32/i386-windows/winnls32.dll	P2
resource	Runtime/i386-windows/winprint.dll	36864	8dba82a7c8796fdf9b793e5dd1195b37932b741f4891fa1294c7f9beee67fb3b	wine-build	build-macos/dlls/winprint/i386-windows/winprint.dll	P2
resource	Runtime/i386-windows/winscard.dll	69632	830b0a99a59e83b0fae0bd46f8d4d3eb01af6e828d967120db4acb461bbcf064	wine-build	build-macos/dlls/winscard/i386-windows/winscard.dll	P2
resource	Runtime/i386-windows/winspool.drv	221184	d8e293af33004826c6ebf3461477da96679c3599a3ae6add190bf6b73e13444b	wine-build	build-macos/dlls/winspool.drv/i386-windows/winspool.drv	P2
resource	Runtime/i386-windows/winsqlite3.dll	1462272	ba3a0242e5afb8fb9c7750f65522b3d81064fccf0b79781c1b9d94ba7f0b0e96	wine-build	build-macos/dlls/winsqlite3/i386-windows/winsqlite3.dll	P2
resource	Runtime/i386-windows/winsta.dll	61440	913d6f5f0c94bfaebe53151ec030d0d8948a6bf3cc7514aa8571808c9b86ce14	wine-build	build-macos/dlls/winsta/i386-windows/winsta.dll	P2
resource	Runtime/i386-windows/wintab32.dll	73728	fa34dbe5c36f0855e5b328f5d677a53e9fe014b850910a2c8f27cfb38efcd1c0	wine-build	build-macos/dlls/wintab32/i386-windows/wintab32.dll	P2
resource	Runtime/i386-windows/wintrust.dll	200704	0d02776564e6b478d498dc57dc764df5eab0d0f191dc7c82f5372c154d92aab8	wine-build	build-macos/dlls/wintrust/i386-windows/wintrust.dll	P2
resource	Runtime/i386-windows/wintypes.dll	200704	47e47fcd17b63da52871ce38343b696c3749461d644cca669570a8ca3d211721	wine-build	build-macos/dlls/wintypes/i386-windows/wintypes.dll	P2
resource	Runtime/i386-windows/winusb.dll	36864	1f3e89dd3605db8ac1557a75bb32a5a8e466e5622e0f4c3d9f772dc779671f43	wine-build	build-macos/dlls/winusb/i386-windows/winusb.dll	P2
resource	Runtime/i386-windows/wkscli.dll	36864	d72bc1fec477219ad1b05befcb005d9c0e7dfeb24ac8d7f236e967d4c7fa06c9	wine-build	build-macos/dlls/wkscli/i386-windows/wkscli.dll	P2
resource	Runtime/i386-windows/wlanapi.dll	40960	7fe25db923a04cba31e587f27ab854dbc221ae02019b570e33335be6bce78c4f	wine-build	build-macos/dlls/wlanapi/i386-windows/wlanapi.dll	P2
resource	Runtime/i386-windows/wlanui.dll	28672	568a32f41fa5a7f1aeb13d34801d1739afc4f3c1420364954c3c61d8ad03e1b3	wine-build	build-macos/dlls/wlanui/i386-windows/wlanui.dll	P2
resource	Runtime/i386-windows/wldap32.dll	589824	70498e2b9ff2bad1102061b8a159719818985077c6e7ebc49f4c91b59279a298	wine-build	build-macos/dlls/wldap32/i386-windows/wldap32.dll	P2
resource	Runtime/i386-windows/wldp.dll	40960	b26bf5319b87c7bc9bfc2e68d53a33d77372e684256acb2b217d40cb042b200e	wine-build	build-macos/dlls/wldp/i386-windows/wldp.dll	P2
resource	Runtime/i386-windows/wmadmod.dll	290816	e4a8c3f7402b2dcc6da5fb5cc60bdd0d478316d08f79d07502cef51f6f1bbf9c	wine-build	build-macos/dlls/wmadmod/i386-windows/wmadmod.dll	P2
resource	Runtime/i386-windows/wmasf.dll	32768	73aadbdee41d52c90501f3324f7597257e7e67d2139b6fba26a124c3029d1aba	wine-build	build-macos/dlls/wmasf/i386-windows/wmasf.dll	P2
resource	Runtime/i386-windows/wmi.dll	8192	a8da6c28c1b0846a2ed273fc055668b3ce9c6c657654585eeab63ac04c2fdd26	wine-build	build-macos/dlls/wmi/i386-windows/wmi.dll	P2
resource	Runtime/i386-windows/wminet_utils.dll	57344	d9aa1d62e63cd801fb0feb3f843a741e5a82f4973e900eff82257abf139e7d3f	wine-build	build-macos/dlls/wminet_utils/i386-windows/wminet_utils.dll	P2
resource	Runtime/i386-windows/wmiutils.dll	69632	6c3e0040bedbb0794dc62055ab88bdf65137531e07f6f624c1d1539b01c95524	wine-build	build-macos/dlls/wmiutils/i386-windows/wmiutils.dll	P2
resource	Runtime/i386-windows/wmp.dll	237568	187d14971bdd60118b8d3f1e3c8c1915e500544e33dfec40cba39d4d39ce5195	wine-build	build-macos/dlls/wmp/i386-windows/wmp.dll	P2
resource	Runtime/i386-windows/wmphoto.dll	585728	d44f39d7fbb7f54e7faca5d94ca6614ac82640c8af7a0387b82e3a14d3ec545f	wine-build	build-macos/dlls/wmphoto/i386-windows/wmphoto.dll	P2
resource	Runtime/i386-windows/wmvcore.dll	163840	a5777c9642ae1a530883293fe2310f9137fe619cc701c5310cf2ed30eaa7f127	wine-build	build-macos/dlls/wmvcore/i386-windows/wmvcore.dll	P2
resource	Runtime/i386-windows/wmvdecod.dll	290816	0750ab03002cb834ae30c3c956fcfb6498d008be21116d4702825a3b27333035	wine-build	build-macos/dlls/wmvdecod/i386-windows/wmvdecod.dll	P2
resource	Runtime/i386-windows/wnaspi32.dll	36864	0e742fa1b8475b74cccd777e011459f4bb0df250e28f7aa75c81df71ece38fce	wine-build	build-macos/dlls/wnaspi32/i386-windows/wnaspi32.dll	P2
resource	Runtime/i386-windows/wofutil.dll	36864	811e3b3aa99997f37df85b9469a3923621560e700f55555bdb79a950b5f3d4d7	wine-build	build-macos/dlls/wofutil/i386-windows/wofutil.dll	P2
resource	Runtime/i386-windows/wow32.dll	28672	3c41f56614cca02892f22555f9f8d4353ad02829acb27bc4b02710cb2656ef7e	wine-build	build-macos/dlls/wow32/i386-windows/wow32.dll	P2
resource	Runtime/i386-windows/wpc.dll	57344	694a2140006e74a82d8cd7c810636cc5790481c9f0556cb9b7e919dd9ecdfbea	wine-build	build-macos/dlls/wpc/i386-windows/wpc.dll	P2
resource	Runtime/i386-windows/wpcap.dll	90112	fc0815c97de92b19ca5d5de8ac112667756a1d2546a1a77ae8856fa6bda22ba9	wine-build	build-macos/dlls/wpcap/i386-windows/wpcap.dll	P2
resource	Runtime/i386-windows/ws2_32.dll	192512	fe15d2d2f1cabb430628e0bf112590aa39a46b732e30981209e6f9734a0ae0db	wine-build	build-macos/dlls/ws2_32/i386-windows/ws2_32.dll	P2
resource	Runtime/i386-windows/wsdapi.dll	122880	c44954d60a97446346de530acdc123f7204dd3dd4a6f6d5753bc2dc8af304d29	wine-build	build-macos/dlls/wsdapi/i386-windows/wsdapi.dll	P2
resource	Runtime/i386-windows/wsnmp32.dll	49152	25c88ffbb1490f3141c10cf5c4695bb5a4e2d02a06b397ab20082839abfec3ed	wine-build	build-macos/dlls/wsnmp32/i386-windows/wsnmp32.dll	P2
resource	Runtime/i386-windows/wsock32.dll	61440	f062bf7b7531308b12becf6b5274016b857957d6de3d5b4de7907f0e1af5fa41	wine-build	build-macos/dlls/wsock32/i386-windows/wsock32.dll	P2
resource	Runtime/i386-windows/wtsapi32.dll	57344	4b1ed12993c3413da82eb4b50675e1b0dca27614fee75459c5077166848e0370	wine-build	build-macos/dlls/wtsapi32/i386-windows/wtsapi32.dll	P2
resource	Runtime/i386-windows/wuapi.dll	286720	dee5eb8e1299cd5cef9de933c6e1992c7b8ad6a9b381df1c00db726e9f99a113	wine-build	build-macos/dlls/wuapi/i386-windows/wuapi.dll	P2
resource	Runtime/i386-windows/wuaueng.dll	36864	64d123b4999236c5b90d8cf68eb67cf34d709ebec61fe7a531353f70fad66f23	wine-build	build-macos/dlls/wuaueng/i386-windows/wuaueng.dll	P2
resource	Runtime/i386-windows/x3daudio1_0.dll	40960	a039c4cadae1b57aee22ed285eaf84f8bdb0d916a6514104925691b25cf8bda6	wine-build	build-macos/dlls/x3daudio1_0/i386-windows/x3daudio1_0.dll	P2
resource	Runtime/i386-windows/x3daudio1_1.dll	40960	c0782bc0243049ca0bebb5c933774e60d2d3f8f689ba86954f7fb098d16f2843	wine-build	build-macos/dlls/x3daudio1_1/i386-windows/x3daudio1_1.dll	P2
resource	Runtime/i386-windows/x3daudio1_2.dll	40960	d59a2fd41d0b3054d7312d2bc9ba47e8597832e670655234a2f5d831f5f0da64	wine-build	build-macos/dlls/x3daudio1_2/i386-windows/x3daudio1_2.dll	P2
resource	Runtime/i386-windows/x3daudio1_3.dll	40960	7cd30d640744fc7ac166dd3e1554a5516a330c060ca7a3a37323a610f88f77d9	wine-build	build-macos/dlls/x3daudio1_3/i386-windows/x3daudio1_3.dll	P2
resource	Runtime/i386-windows/x3daudio1_4.dll	40960	745903deec095b9dd43d1efbe961247db743d77af7307d449b663b8085d15354	wine-build	build-macos/dlls/x3daudio1_4/i386-windows/x3daudio1_4.dll	P2
resource	Runtime/i386-windows/x3daudio1_5.dll	40960	817686da9b23b64593beb95244cf5d47ded0808d2fae75b6a5d8b65a3558fd26	wine-build	build-macos/dlls/x3daudio1_5/i386-windows/x3daudio1_5.dll	P2
resource	Runtime/i386-windows/x3daudio1_6.dll	40960	b8aba0ef913840da55577c3725137e3e43bf4a443c7300f3a54cd613be24459c	wine-build	build-macos/dlls/x3daudio1_6/i386-windows/x3daudio1_6.dll	P2
resource	Runtime/i386-windows/x3daudio1_7.dll	40960	9d5638d37defc98b03ef7e7d43fce994e87a6204e2240372eee0dec4cdf74f65	wine-build	build-macos/dlls/x3daudio1_7/i386-windows/x3daudio1_7.dll	P2
resource	Runtime/i386-windows/xactengine2_0.dll	495616	aa12bdf0a1059a4e8510928b5b85cc76bc43f81f80c565f6b8831152e51b7684	wine-build	build-macos/dlls/xactengine2_0/i386-windows/xactengine2_0.dll	P2
resource	Runtime/i386-windows/xactengine2_4.dll	495616	d78479743481d18cc6a3930882c118071e2ed717196a4726f050702983e62856	wine-build	build-macos/dlls/xactengine2_4/i386-windows/xactengine2_4.dll	P2
resource	Runtime/i386-windows/xactengine2_7.dll	503808	33c2605afdb225fdc7958e628c754b12289e4b99828253f82a852a9873a13c64	wine-build	build-macos/dlls/xactengine2_7/i386-windows/xactengine2_7.dll	P2
resource	Runtime/i386-windows/xactengine2_9.dll	503808	c8f34601c5779a02be270ae4a9409c1e1ad5868b69186b491fa8bc8ae2136b6f	wine-build	build-macos/dlls/xactengine2_9/i386-windows/xactengine2_9.dll	P2
resource	Runtime/i386-windows/xactengine3_0.dll	503808	192507ea9db4beeebdf1888d2d9879d90df23f0a4ef6318eb169d7c4ff31e559	wine-build	build-macos/dlls/xactengine3_0/i386-windows/xactengine3_0.dll	P2
resource	Runtime/i386-windows/xactengine3_1.dll	503808	3b3093395481c2d48d8a6c696444467a2572224e83c5551700839e442226fa57	wine-build	build-macos/dlls/xactengine3_1/i386-windows/xactengine3_1.dll	P2
resource	Runtime/i386-windows/xactengine3_2.dll	503808	341724aeeabddb456dd3ff6c35abbb8336cdd110457502c57ab64d2a3b080927	wine-build	build-macos/dlls/xactengine3_2/i386-windows/xactengine3_2.dll	P2
resource	Runtime/i386-windows/xactengine3_3.dll	503808	53494271fd387beb83ca6240e494fdf9399eef7ab52554ed5ea4ed095cf774ec	wine-build	build-macos/dlls/xactengine3_3/i386-windows/xactengine3_3.dll	P2
resource	Runtime/i386-windows/xactengine3_4.dll	503808	8deb292191d95c45bc689167d23f066900b13b36a9eff5727930c5ca3f09d5ba	wine-build	build-macos/dlls/xactengine3_4/i386-windows/xactengine3_4.dll	P2
resource	Runtime/i386-windows/xactengine3_5.dll	507904	a693bb2273dbe10903299b9498b5f205c5e1e33e4d25dc038fd10b3b3de5667f	wine-build	build-macos/dlls/xactengine3_5/i386-windows/xactengine3_5.dll	P2
resource	Runtime/i386-windows/xactengine3_6.dll	507904	abb8556fae098e64b99a9e67b2ad9888841d0f1f6b1f20135f6d47771cf9ff4e	wine-build	build-macos/dlls/xactengine3_6/i386-windows/xactengine3_6.dll	P2
resource	Runtime/i386-windows/xactengine3_7.dll	507904	6d220ca4f2555891586c2f93e0359128a0a4bbaca09725294aa01525f291e8da	wine-build	build-macos/dlls/xactengine3_7/i386-windows/xactengine3_7.dll	P2
resource	Runtime/i386-windows/xapofx1_1.dll	73728	e247c185a98080fd6109ee19c1e332196d048b89065a862217c666cc4b04afec	wine-build	build-macos/dlls/xapofx1_1/i386-windows/xapofx1_1.dll	P2
resource	Runtime/i386-windows/xapofx1_2.dll	69632	a0b37ab64ac48c0889cf8f85dbe9747f644b5d0822a8d311ff194f0efe53d20c	wine-build	build-macos/dlls/xapofx1_2/i386-windows/xapofx1_2.dll	P2
resource	Runtime/i386-windows/xapofx1_3.dll	73728	1de83ad8863095698ea9a39bfe1a61ecbce10e0fd916790ba0a5743c84e6b1f1	wine-build	build-macos/dlls/xapofx1_3/i386-windows/xapofx1_3.dll	P2
resource	Runtime/i386-windows/xapofx1_4.dll	69632	b78188b777fbe203dd82f1ed71e6392490d13cc8cc7859d0c60b81a52f26dae4	wine-build	build-macos/dlls/xapofx1_4/i386-windows/xapofx1_4.dll	P2
resource	Runtime/i386-windows/xapofx1_5.dll	69632	7a85a6a6212c1683a2d16ff520c4e0a673f0421957568f1f05da7042e75d01ff	wine-build	build-macos/dlls/xapofx1_5/i386-windows/xapofx1_5.dll	P2
resource	Runtime/i386-windows/xaudio2_0.dll	462848	e9741715cc0cb7ae87837ce3ddefbdda71309af802fb4eee109ce8b1d9fa07a7	wine-build	build-macos/dlls/xaudio2_0/i386-windows/xaudio2_0.dll	P2
resource	Runtime/i386-windows/xaudio2_1.dll	462848	e005f0c6585141be649a9326671a7a1864b983410e310f6dfc244e8187f20632	wine-build	build-macos/dlls/xaudio2_1/i386-windows/xaudio2_1.dll	P2
resource	Runtime/i386-windows/xaudio2_2.dll	462848	223ed77d9751692b235c004195ec3863a80ca5f2b8d47f92737cae9032d47779	wine-build	build-macos/dlls/xaudio2_2/i386-windows/xaudio2_2.dll	P2
resource	Runtime/i386-windows/xaudio2_3.dll	462848	6c040e7c3af1c9556e38722e0fb425aaf9919c5558d26da435981de3ff84b37c	wine-build	build-macos/dlls/xaudio2_3/i386-windows/xaudio2_3.dll	P2
resource	Runtime/i386-windows/xaudio2_4.dll	462848	9a498eb7a0137d3862a577090ddfd783e632eb0a26ede098f172bac68781fad9	wine-build	build-macos/dlls/xaudio2_4/i386-windows/xaudio2_4.dll	P2
resource	Runtime/i386-windows/xaudio2_5.dll	462848	9a8f521021e55067469278a097844ae21b21ddff788bbad20d21e78ce9d8089a	wine-build	build-macos/dlls/xaudio2_5/i386-windows/xaudio2_5.dll	P2
resource	Runtime/i386-windows/xaudio2_6.dll	462848	8a928db8e79bbd0e5d035733e3d08921dcc78f536c0fee97980d3536ebd08c00	wine-build	build-macos/dlls/xaudio2_6/i386-windows/xaudio2_6.dll	P2
resource	Runtime/i386-windows/xaudio2_7.dll	462848	9adc46683bf4d90a1820e9afb276684bb6d55e42aeab134df8cf168f93791838	wine-build	build-macos/dlls/xaudio2_7/i386-windows/xaudio2_7.dll	P2
resource	Runtime/i386-windows/xaudio2_8.dll	483328	e3a38ac58fc4243ae6d273cdeae7d2c8480b96142ce17ba446006b9fbae77d9d	wine-build	build-macos/dlls/xaudio2_8/i386-windows/xaudio2_8.dll	P2
resource	Runtime/i386-windows/xaudio2_9.dll	487424	22a2a8a7dc12bc3d132ad1c0e9fb96f3ac60fa1443f06c8ae371887873256dce	wine-build	build-macos/dlls/xaudio2_9/i386-windows/xaudio2_9.dll	P2
resource	Runtime/i386-windows/xinput1_1.dll	73728	5e6d4fa18301974d290d3547968f0e2166509dbb1ec2fa48df756142ce364fab	wine-build	build-macos/dlls/xinput1_1/i386-windows/xinput1_1.dll	P2
resource	Runtime/i386-windows/xinput1_2.dll	73728	34ddfb702b72c5a69ee0fe7186248bb1941f922eb3959b3df5033dfeef12461e	wine-build	build-macos/dlls/xinput1_2/i386-windows/xinput1_2.dll	P2
resource	Runtime/i386-windows/xinput1_3.dll	73728	9a824c3d0ce07a4e32e2ed6fa76f3249aead2a452918f7e115080cc10da997ba	wine-build	build-macos/dlls/xinput1_3/i386-windows/xinput1_3.dll	P2
resource	Runtime/i386-windows/xinput1_4.dll	73728	5b06a0e7add92049ec22759e9e6e718260ac843b51ab2d7c557952cbf3053023	wine-build	build-macos/dlls/xinput1_4/i386-windows/xinput1_4.dll	P2
resource	Runtime/i386-windows/xinput9_1_0.dll	40960	bf35f107c5369762a3385b122f6fc8c51f0e456b9af5e6eb41921f604f803255	wine-build	build-macos/dlls/xinput9_1_0/i386-windows/xinput9_1_0.dll	P2
resource	Runtime/i386-windows/xinputuap.dll	73728	40c8cc6fb1822200deb8f7cdd2c9c0b06ae9bb957e2e4bd1e2da8fb605aa608b	wine-build	build-macos/dlls/xinputuap/i386-windows/xinputuap.dll	P2
resource	Runtime/i386-windows/xmllite.dll	131072	9c6241bb79e409156f6ca7b9862b7adaf25583d5fdd1cfa060a870dda3ec4cc3	wine-build	build-macos/dlls/xmllite/i386-windows/xmllite.dll	P2
resource	Runtime/i386-windows/xolehlp.dll	217088	e433dd03690f521e2566c60ec4b852206759cb5057eaec85b2f61fc723bb988f	wine-build	build-macos/dlls/xolehlp/i386-windows/xolehlp.dll	P2
resource	Runtime/i386-windows/xpsprint.dll	32768	c541f912e7410d784af4fdcc9103657e1712fce9132f1fc3f6c4e010a37d5505	wine-build	build-macos/dlls/xpsprint/i386-windows/xpsprint.dll	P2
resource	Runtime/i386-windows/xpssvcs.dll	28672	8c9325062a7ec3e86ede2d039f8b5cecbac28c95d95f291c37d87b39cf81fa36	wine-build	build-macos/dlls/xpssvcs/i386-windows/xpssvcs.dll	P2
resource	Runtime/aarch64-windows/xtajit.dll	5090816	f0537d654f6931ba7ad7769bfbd19438129d4eb9d4868793a836d0bb55908db7	fex-wow64	libwow64fex.dll	P1-de
resource	Runtime/vulkan/arm64ec-windows/d3d8.dll	1830912	ce5ec6e91e653759544f1ddeb7d159e4a050c85faf741b47cfe5eb5e59bcf7a7	vulkan-pe	arm64ec-windows/d3d8.dll	P6-vulkan-pe
resource	Runtime/vulkan/arm64ec-windows/d3d9.dll	7405568	e7bad6f46a41e2cded39f14d408e4beb6378051a79b162103df466a191a02514	vulkan-pe	arm64ec-windows/d3d9.dll	P6-vulkan-pe
resource	Runtime/vulkan/arm64ec-windows/d3d10core.dll	430080	bd784fc0f7da1724374bdeeb14a771eb5101938c6c23a3e893b5b8c316a0c6fd	vulkan-pe	arm64ec-windows/d3d10core.dll	P6-vulkan-pe
resource	Runtime/vulkan/arm64ec-windows/d3d11.dll	8351744	e6ee9810b35bbdb637a6c5f01f8394365c67e2e56c90c8a5ca6da063f1e5c314	vulkan-pe	arm64ec-windows/d3d11.dll	P6-vulkan-pe
resource	Runtime/vulkan/arm64ec-windows/dxgi.dll	5517312	8ed7c43ead43d4d640a42d1b9e31eccb72c70f8c7d8d0e76e6d2e4e4297c6ddf	vulkan-pe	arm64ec-windows/dxgi.dll	P6-vulkan-pe
resource	Runtime/vulkan/arm64ec-windows/d3d12.dll	196608	36e1555ac92da8faa7c28d63008693b601ff34d364860e58891dacfe4e7a1b34	vulkan-pe	arm64ec-windows/d3d12.dll	P6-vulkan-pe
resource	Runtime/vulkan/arm64ec-windows/d3d12core.dll	6340608	be5c48fb45650f6c4fe35e08064a0f3b789d91728713dd486682f4c1ce922eca	vulkan-pe	arm64ec-windows/d3d12core.dll	P6-vulkan-pe
resource	Runtime/vulkan/i386-windows/d3d9.dll	7475200	acb84e8ee64abebebdf06f9a1840e40741d151672968aec4eb2c2778d29f070f	vulkan-pe	i386-windows/d3d9.dll	P6-vulkan-pe
resource	Runtime/steamapi/x86_64-windows/steam_api64.dll	8348672	d6ac91dc0ed4a5451063999c190e8950b68cd73b5a0df633098ea5b1cf9d3298	steamapi	x86_64-windows/steam_api64.dll	P8-steamapi
resource	Runtime/steamapi/i386-windows/steam_api.dll	8663040	832306eba3f9998c49d0c3ac45849228d18bd4ef01c16c5af773517d10e38c71	steamapi	i386-windows/steam_api.dll	P8-steamapi
resource	Runtime/arm64ec-windows/playport-session.exe	18944	911b219564c65f507c5c8e68393709f56e9b281ab6765914479495cb88821126	session	playport-session.exe	P9-session
resource	Runtime/nls/c_1252.nls	66082	e2634ee32da7977d762d2d45be2053309ee718572a7d8bb0034180dc1b0b6b76	unix	wine/nls/c_1252.nls	nls
resource	Runtime/nls/c_20127.nls	66082	951a19ce0d3c785d12ea94cb28ce5c2c096d302e35b3fb3e8b35248a006435ba	unix	wine/nls/c_20127.nls	nls
resource	Runtime/nls/c_28591.nls	66082	aa52cf173808f65b117f0d7af574c11dde85133cccde306ccc57b5de50961b5c	unix	wine/nls/c_28591.nls	nls
resource	Runtime/nls/c_437.nls	66594	04d741575060dfcd57d8650f70e65db154944bae95e8dfbe058fadee639e21d0	unix	wine/nls/c_437.nls	nls
resource	Runtime/nls/l_intl.nls	5654	41642c936f5f99f20940fe5832feba60c8e064e607a362b8c4be23c5d75dadb2	unix	wine/nls/l_intl.nls	nls
resource	Runtime/nls/locale.nls	795254	d21c7af104f0318803c41a5548b3727a32fb26ab9d791a2fc75cc21b5f24e564	unix	wine/nls/locale.nls	nls
resource	Runtime/nls/normidna.nls	87772	0c8991757bd0e44f9a63a9d838772a7fe98127ea66466dcdd807706c8868a072	unix	wine/nls/normidna.nls	nls
resource	Runtime/nls/normnfc.nls	60706	6720be6e705b23ce52b669d78546b9a606825c7ab2be1e4ca327df1484449476	unix	wine/nls/normnfc.nls	nls
resource	Runtime/nls/normnfd.nls	53758	84b505ea47c932ce685a3c337db2067f066a0efa8a5598e8edb3c02bce9f387d	unix	wine/nls/normnfd.nls	nls
resource	Runtime/nls/normnfkc.nls	83972	f72f7b3a9882d4bdff6f76487bd4ebf33a5d63e7cd0263cdd9a732cfd09cd7e7	unix	wine/nls/normnfkc.nls	nls
resource	Runtime/nls/normnfkd.nls	77356	8389be626551ea40c00d020cb500b87eda6cfb8ccb085587f3b4a9c531245922	unix	wine/nls/normnfkd.nls	nls
resource	Runtime/nls/sortdefault.nls	3396708	962e6c8f1ce4bcb447e6641317937a4e033ecef1ae91c94679ec9725888eb238	unix	wine/nls/sortdefault.nls	nls
resource	Runtime/fonts/tahoma.ttf	143884	90f1abad4da0ce03da5d2277ee75a9600ce812d37c90eab76e0838ffa7937e55	unix	wine/fonts/tahoma.ttf	fonts
resource	Runtime/fonts/tahomabd.ttf	137836	508a2acc88cd6abdd399ae79c9965db43fba75a46bb115117b55d2be2272d889	unix	wine/fonts/tahomabd.ttf	fonts
resource	Runtime/registry/system.reg	482604	2d8e2c45d9ad3fd12ed954ba462b05e094507710f1febacb92c11207a3af50c0	registry	system.reg	P7-reg
resource	Runtime/registry/user.reg	1599	e534357e8ae05068ac00258faf0b3e6086f77c1170b502a9fd46b59052c9ebd6	registry	user.reg	P7-reg
link	lib/libntdll_unix.a	3071024	9790d5bded5105d14bb6198c09dd5b8c3ab2b798e924f173818db1775c3a89d4	unix	mythic/app/Madeira/libntdll_unix.a	P3
link	lib/libwin32u_unix.a	4121192	774caf196471fefb1dc83ed6148bbc6ec589c5010f4fbac4bc50d0198441460a	unix	mythic/app/Madeira/libwin32u_unix.a	P4-win32u
link	lib/libwineserver.a	1217248	05150f6ee7d65f02aa7b444ca39b4ce16ddb5041544a750156b614321f674b4f	unix	mythic/app/Madeira/libwineserver.a	P4-server
link	lib/libgnutls.a	3603280	e9fb697d624bb63d1c89e8569f1a8e0e69e576175407853bf34a6279fa1673b3	unix	mythic/toolchains/gnutls-ios/lib/libgnutls.a	P4-crypto
link	lib/libhogweed.a	1105792	247e869163901151301d2ff3c930a68c3742fbbb263a33b8bc10a98dfbd65b9f	unix	mythic/toolchains/gnutls-ios/lib/libhogweed.a	P4-crypto
link	lib/libnettle.a	1705864	ff2ecf070899ab728cf21dc13bb9463fdf5a79775a34c5f87e7d861fed2d9543	unix	mythic/toolchains/gnutls-ios/lib/libnettle.a	P4-crypto
link	lib/libgmp.a	876096	d33a5b441d28a2e7a9847ada52032dba69d30063aa4e66a3d83e14bbb2ffd08b	unix	mythic/toolchains/gnutls-ios/lib/libgmp.a	P4-crypto
link	lib/libdxmt_combined.a	115503632	d76e00299a039754443dc42eb017a7151c3bddc1f0a21118071d685129aa9240	dxmt	libdxmt_combined.a	P5-dxmt
link	lib/libwinegstreamer_unix.a	47458384	01ac411c12fb9c3cb02e7d605cf8a720fe24f31347973fd4b7f54f770479954a	unix	gstreamer/libwinegstreamer_unix.a	P6-gst
link	lib/libidevice_ffi.a	6642912	59d86f1bd335b52c4cc7decabaa75ab081ea893b04246b9796683e702dc41756	idevice	libidevice_ffi.a	P10-idevice
source	WinIOS/Winios.m	66281	e8b35307a8e34928582f46d13eed31eff10850c4205f89e6fed443dfdbfcf6a2	unix	mythic/app/Madeira/Winios/Winios.m	P5-winios
source	WinIOS/include/Winios.h	3356	6d99fe3b4ce537bef3e6feecb01cde78fd899b801772e63e652470c9b67fe001	unix	mythic/app/Madeira/Winios/Winios.h	P5-winios
source	WinIOS/WiniosGamepad.c	1458	dce042c25dfe9530f9575053c7a1d9d1fbcfe893ca84b8a76adbc0c4eda5200c	unix	mythic/app/Madeira/Winios/WiniosGamepad.c	P5-winios
source	WinIOS/include/WiniosGamepad.h	815	df095974b73bd60f3b21cafea09252f8242da24f0cf374b1936c683c07184ea6	unix	mythic/app/Madeira/Winios/WiniosGamepad.h	P5-winios
source	WinIOS/IOSDisplayShim.m	7994	5949d006f6c8c0022a8625c1f71183762007549be9eceae3c5b707796a97712c	unix	mythic/app/Madeira/IOSDisplayShim.m	P5-dxshim
source	WinIOS/include/IOSDisplayShim.h	811	bc201615f9f858f8085acae1aa48034804ce6a706896a101a1c209bc3647f1f4	unix	mythic/app/Madeira/IOSDisplayShim.h	P5-dxshim
gap	Runtime/arm64ec-windows/wineios.drv	-	-	-	resource	Madeira build/wineios-drv/wineios.c has no build recipe at the Madeira pin, and the wine-port tree's dlls/wineios.drv is not in its configure, so stages/wine-pe.sh does not build it; audio does not need it: mmdevapi loads winepulse.drv by name and virtual_ios.c answers with the linked audio_null_ios table
gap	Runtime/prefix-template.tar.gz	-	-	-	resource	reference seeds the whole prefix from an untracked-recipe template; the app seeds only the builtins' own registrations (Runtime/registry, P7-reg), so the rest of wine.inf (font registry, services, file associations) is not applied
